3.057752779795363390e-02,-4.367859997247491854e-01,-8.151997724729296291e-01
-9.821354522700534995e-01,1.887941054144101516e+00,7.162480042702477068e-01
-6.394712332693217594e-01,-1.221597439224433090e+00,5.947151715048816234e-01
1.716022613206894532e+00,1.034732383335273731e+00,-5.131374772655461491e-01
3.056406684375416738e-01,-1.522099080552132611e+00,9.816813659283034621e-01
-5.975753059734887351e-01,-2.210518670879574044e-01,6.355957320959494672e-02
1.979092049941651443e-01,1.267349899380450617e+00,6.524198166230279483e-01
4.179747832055200618e-01,3.794534891433903323e-01,2.957754335659981137e-01
5.515319251459018801e-01,4.112073841531826979e-02,5.867380016597517622e-01
-2.449247052057081098e-01,2.849564568464630354e-01,-1.905644077715808349e+00
-7.329975508922050853e-01,-1.167653467433688863e-01,-1.145213659838407505e+00
1.540814378934349804e-01,-5.772598842938316821e-01,-1.063017572078103656e+00
-2.531549276462055076e+00,-8.390230021318370035e-01,-1.432717463946114433e+00
1.004597035192561938e+00,-1.213122008358808346e+00,-2.593152703350413146e-01
2.988549082401028567e+00,1.743232559421485028e+00,4.580667080827799387e-01
-2.109677166579160712e+00,-2.251115293393716854e+00,2.025501440747273563e+00
1.099621431454911313e+00,-1.305903908816622883e+00,-5.997006316594436504e-01
-5.607716346179458800e-01,-1.699454749414544830e-01,8.405169864326460238e-02
1.030489309307810020e+00,-7.827525065284390848e-01,7.269643273989961256e-04
-2.591398580176740851e-01,6.008334504328396442e-01,2.354925693656803043e-01
7.724866639262714108e-01,-1.342561415306835482e-01,6.000148533888108870e-01
1.404768296092474111e+00,-2.423717613648348479e+00,3.683570792607446798e-01
-1.017002109825308809e+00,5.043161547192488436e-01,7.754553176495055933e-01
-5.495127586459950253e-01,1.055966615072340131e+00,5.728634920649130491e-01
2.487139681171801064e-01,-4.318785068853068787e-01,-7.078478200994878788e-01
-1.850420069114305233e-01,-3.258137381365522334e-02,-4.415138978943431991e-01
-1.332264390587529324e+00,2.009195888253149653e-01,-9.132384231970478439e-01
2.644980722751570923e-01,5.949643227936316503e-01,4.582824551977639910e-02
2.455104858968527370e+00,-3.392222627607789365e-01,6.704859441763194594e-01
-4.468755610207832824e-02,-2.443623595066418130e-01,-1.146062987213921636e+00
1.870383331303328678e+00,1.558606792251514994e+00,-3.267468734861555535e-01
1.082308189821574951e+00,-2.014169610890085282e-01,2.889769830884806323e-01
2.301330052037197316e+00,-1.554401635207561944e-02,1.413483415317147385e+00
-4.028730455658063314e-01,-7.884020872591861462e-01,8.422237829577239321e-01
2.688493000114946518e-01,1.069539005413044253e+00,-7.914210253722447908e-01
7.945042666794979169e-01,-2.040185562355074200e+00,8.322238419995870995e-01
-1.186729222780409154e+00,-1.872250440578300035e+00,6.951437815835828649e-02
1.014691836095487520e+00,-1.176214403231758132e-01,-3.722308018195145674e-01
-1.461440672589971124e+00,9.249921825045896717e-02,-8.232590308361799336e-02
1.814757111097604625e+00,-4.516023922027669335e-01,-2.215685064779182034e-01
5.363432977833461068e-01,1.238220443200799936e+00,-3.971034226463778238e-01
-1.313526470152644565e+00,-2.785279033694575412e-01,9.236049753118138472e-01
-4.397377286670208218e-01,1.252206561509891403e+00,1.327531184444706414e+00
8.832261143912044643e-01,8.082310350720500747e-01,1.091848654878279090e+00
1.538048671127760558e+00,2.499222358891641516e-01,6.493265187150932816e-01
2.336491671759429956e+00,2.561996689690550499e-01,-1.190563330308155754e+00
5.050332057250854767e-01,-9.994297105072660337e-01,-6.410375757291246757e-01
-1.021893645149218877e+00,6.281555829872174923e-02,-4.699354852734470844e-01
1.342705061580740655e-01,7.866012243841357110e-01,-1.144643131517480539e+00
-2.865201196558586072e-01,-1.505657942124996596e-01,3.041161991559293010e-01
-1.528604938608630892e+00,3.913492647883989872e-01,7.695437892230484467e-01
3.766232339388142503e-01,9.495038178972716736e-01,3.647882010549465814e-01
-1.391984217327657980e+00,-1.181924019020351851e-01,6.004420818073232802e-01
-5.211701644101709441e-01,-1.713244789613342367e-01,-2.487810752128005176e-01
-4.284232341256623000e-01,7.088229108858982164e-01,-5.042782649795085614e-01
-5.382572377702328492e-02,-1.022631756432841099e+00,5.471345178335608184e-01
1.194953899078333048e+00,1.415886131491796984e+00,-4.848796373454785646e-01
4.327014670559101717e-01,-2.562977973884695837e-01,-1.243870489675750424e+00
3.399648387072727318e-01,-1.709169916611798179e+00,-6.459659510702868701e-01
1.500576632161178647e+00,-7.012852960532268698e-01,5.944244302580184991e-01
1.211280471505034484e+00,6.062017374078078058e-01,-1.172153643214039143e+00
1.032171317169201297e+00,-1.575620694745653916e+00,-5.310997489775958202e-01
-2.239167202107168186e-01,7.595949802341177282e-02,-6.389405273431134624e-01
4.585871435968769116e-01,-7.762133655032614765e-01,6.736208258844724739e-01
6.184688005551909618e-02,1.873956443689686280e+00,3.699617852060252954e-01
1.111147400086903270e+00,5.747139970343841942e-01,4.703201535849703130e-01
-7.460940731016599825e-01,-6.898226604225812242e-01,2.068321129438560266e-02
-5.777035192785687778e-01,-1.614447260795289996e+00,3.557918505141823284e-01
1.766153630027321508e+00,-1.352970653090431519e+00,-7.198263204436703422e-01
-4.677794566504225315e-01,-3.477409616926253055e-01,3.904722505154254453e-01
1.125914198965970225e+00,3.520234806407747663e-01,6.946886043215911855e-01
1.132333928524617006e+00,-4.887248772503560018e-02,-4.247463577911760879e-01
7.544809310432636362e-01,-7.671241145156371122e-01,-6.479552960164377540e-01
-2.099774739136024415e+00,6.904073571429925060e-01,-1.879645689782562412e+00
-5.301999234751119117e-01,1.132122041727108286e+00,2.321649856832216363e-01
6.191139364740874118e-01,1.196170433433594527e+00,1.408169640244026466e+00
7.975977728374182840e-01,-1.720455862577511263e+00,1.292098017757792316e+00
6.202576912405275422e-01,8.325786456826440585e-01,-1.002832587275400922e+00
3.647002957496964237e-01,5.321526549983807142e-01,-6.299562208951925424e-01
2.326336171866651148e-01,9.681260910099970252e-02,-1.900781616061825441e-01
1.881646356259834285e-01,-1.829903508168372550e+00,5.123390028747942110e-02
1.477064741237928136e-01,-7.825895929155516351e-01,2.068491156417240351e+00
-1.939486463428887753e+00,2.279896068239111173e-01,-1.047470280603845172e+00
-2.124272988400817130e-01,-1.595481356466902367e-01,-4.859794763519831307e-01
4.897537318858167232e-01,3.832773103328757647e-01,9.050454974074308989e-01
1.206959872108623211e+00,-1.390817670286112362e+00,-1.247473068876466584e+00
-1.860260014042542265e+00,1.643256726889793073e+00,-3.596041931590926444e-01
-1.833572473470922448e-01,4.877075511517715567e-01,-4.035989613180082092e-01
1.697995793172220935e+00,5.533936727257926513e-01,-3.735949687787245010e-01
7.364671298080344153e-01,4.596897477799746223e-01,1.872138591977658306e+00
-5.790193458195800336e-01,-2.982970901725949253e-01,-1.677929146407340644e-01
-1.725024600278658227e+00,-9.922706393032248995e-01,4.197230008677246826e-01
-3.160990788826593123e-01,7.292857051613178543e-01,9.677125072056675936e-01
3.021865387387009938e-01,-1.193029529433806468e+00,-1.446321724073810877e+00
-2.202980867862232295e-02,5.831176217036098119e-01,-1.735330227990443452e+00
-1.137159483405299154e+00,-3.477745064171322564e-01,-4.636538306568670498e-01
-1.335558301806931913e+00,-1.799787599465075549e-01,1.555581244285629605e+00
-5.087841846235664489e-01,-4.486555995881957304e-01,-1.503055436740498296e-01
-5.867874466214820783e-01,6.871222679168402792e-01,-1.708749326082496411e+00
1.305893163058570450e-01,2.058992336061430173e+00,8.343699682849147203e-01
-1.222643631811542564e+00,-1.618853294414103194e-01,-1.334029608708417580e+00
-4.016351720995589014e-01,2.945189192162233627e-01,-9.107762409104720458e-01
8.863239831574791783e-01,-1.728642934618660032e+00,-1.148119309632837481e+00
8.841492588104035155e-01,-7.683453617556179616e-01,8.317744202750735338e-01
-6.997320692294856093e-01,-1.361105593915286960e+00,7.391679857268870224e-01
7.559711534387156817e-01,4.203961456601210678e-01,-1.521638734682772665e+00
-4.514166275904951675e-01,-1.672557969373050568e+00,-4.554741547102915677e-01
5.544697322977364395e-01,-6.920035988571315855e-01,2.679219435779431890e-01
-8.481087637523527789e-01,-1.087821488478326881e-01,9.766195481638281772e-02
1.233522874654281232e+00,8.494119701895584962e-01,1.249462540060132909e+00
-1.595906519537172219e+00,4.078725201908832698e-01,-1.276922741617081414e+00
-3.573105627004516394e-01,1.154810663838903517e+00,-3.445319125919842906e-01
-5.682130011113106782e-01,-7.968455333924794326e-01,3.529305815933138080e-01
1.632111005159915917e+00,-1.103010639644315338e+00,-1.492005518059447144e+00
9.213413750383819822e-01,-7.203377828965262797e-01,1.634270871256117363e+00
-6.015937038602757747e-01,-1.794582934512296835e-01,-4.938555883691152504e-01
2.014910196796652730e+00,-3.867844359155896972e-01,-1.729566956287697188e+00
-9.275609513311235121e-02,-3.893179166878937836e-01,1.058977135808795600e+00
-1.199806231236795417e+00,-1.207803531792076779e+00,-9.634135428442057725e-01
-1.129230431364638187e+00,1.094052468118111410e+00,3.876563856055597473e-02
4.558691546527328664e-01,8.463874530020744080e-01,3.506643393445846857e-01
-2.064731931103968004e-03,2.303925513411304582e+00,6.260939491055238504e-01
-1.905745828829152444e+00,-2.928456633226669825e-01,6.540809155384709195e-01
4.932606221434274185e-02,-1.450330842729905978e+00,-8.370070626201643604e-02
2.497807839336708136e-01,-3.825319700629856712e-01,1.769038489002603631e+00
9.455598677256039919e-02,7.343917234258116877e-02,-1.403390279954184861e+00
-7.069589587943257980e-01,-3.548382845533250285e-02,-4.754234295909501862e-01
9.324847808558601736e-01,-9.042723609379198502e-01,1.078092744417902260e+00
-9.298431472505006568e-01,-4.042138396730229899e-01,2.211623975040863499e+00
1.010640793216482092e-01,-6.044616423180881881e-01,-8.790428369314938761e-01
1.066172534979739212e-01,-1.707287930784153751e+00,-9.832572855202984519e-01
-3.484572838695752517e-01,4.995339843237845967e-01,-5.436059722470146793e-01
-2.736225657772485831e-01,-1.136081186691471068e+00,1.648170208067536890e+00
-5.778407803614611371e-01,5.633625850642624000e-01,-1.189536373438754735e+00
6.049413886143498731e-01,6.604688234261191226e-01,1.192367307266216647e-01
6.351824400753679489e-01,-2.927996626677368819e-01,-1.598681956254195402e-01
-5.853785278286323113e-01,6.924192214929686395e-01,-9.864028430587443719e-01
1.138128047752692718e+00,-1.397774940971159729e+00,-1.937646639642976454e-01
2.770856588682421684e+00,-2.761904417080233154e-01,-5.594627767736053414e-01
-7.894132526201733668e-01,1.395780620493979884e-01,-1.323546652779513222e+00
5.269210209757182461e-01,1.755592268931970512e+00,5.588848370123942200e-01
-7.547948883635540174e-01,7.962973956750403204e-01,-2.327643936520541468e-01
1.288028927024580887e-03,-3.581370648683369629e-01,1.003705315936003345e-01
1.885698470702712681e+00,-5.498009928116632805e-01,-1.189131003330724079e+00
-3.777100862187663943e-01,8.472019284498158997e-01,1.923148273929320640e+00
-7.559098560413054502e-01,-1.054811182202860742e+00,7.872299487937547968e-02
2.626053432875802285e-01,3.263365315391100197e-01,-2.830588590076382527e+00
2.187313367597961467e+00,-7.239928654335019420e-01,7.857225725511414183e-01
2.447660005137232364e+00,8.136414185952299816e-01,-2.616287563842137898e-01
-5.292537307475265740e-01,7.150973322272827781e-01,6.925903981410862220e-02
1.342490757160490766e-01,8.634726198524790286e-01,8.059323014003851871e-01
-7.505774480650018177e-02,7.124463169775692162e-01,-4.326436981152556593e-02
-1.804213584957651273e-01,-6.269144208608598001e-01,-4.764604660243951795e-01
5.767141697157692759e-01,1.909663440135813905e+00,-7.984086695459381711e-02
1.739580135931043381e-01,3.177314890186722640e-01,3.665379972235945361e-01
4.773229121747391557e-01,1.647189180625478588e+00,3.296815219803447827e-01
1.101265846321009434e+00,-1.052668288564987537e-01,1.750755591846144821e-01
1.257050808265907316e+00,-2.153830937106968157e+00,-8.487966003407531046e-01
1.901364768188196885e+00,-5.089829632631728273e-01,5.822141649082177572e-01
8.206743461729582023e-01,7.027359066125499210e-01,-1.203648079557626094e+00
-3.610946488957360589e-01,8.574550033990344100e-02,3.904446147646797871e-01
-2.564673576925541543e+00,-1.194163051720987356e+00,-5.885821636787889055e-01
-3.861182729613653053e-01,-6.279654482396337389e-01,-1.098541819001855657e+00
-5.298001002163628126e-01,1.716645122084261788e+00,4.008594925745293525e-01
1.513785804991096273e-01,1.910066471686245604e-01,7.768583901019484195e-04
4.056416164698201654e-01,3.530892814085871412e-01,3.005593351114907441e-01
7.391415872148293653e-01,1.396390550505660411e+00,8.030116366301666142e-01
-1.327952140422001603e+00,-2.067005512508497844e+00,-1.613321200931200350e+00
-1.107585460693490731e+00,1.429421228718636971e+00,2.178212721280327724e+00
5.450411910460758458e-01,-7.599515662868806531e-01,7.406459834109667684e-01
-9.357639588055748359e-01,-5.038777396076946635e-01,-1.604646298784215386e+00
-2.050922276003535494e+00,-1.614547386167487053e+00,4.908018529476174119e-01
7.337259420737203275e-01,-6.418481952099108767e-01,7.796878497007865283e-01
-6.354057018708167970e-01,3.492115073492101374e-01,-1.299125741971716597e+00
5.110639655443850460e-01,-1.747285202838562590e+00,2.454355597560037294e-01
2.528777347294780320e+00,-1.195459065290390921e+00,3.445754827704995971e-01
1.596542463826044589e+00,-8.729623529870025322e-01,1.430283604815403065e+00
-1.147094658589999483e+00,1.081020385723137744e+00,-3.108432560594592275e-01
-3.127928979365156570e-01,-2.310190493433990355e-01,3.541716369981301460e-01
1.102799798316064089e-01,-1.182390473218524057e-01,2.034669545152004155e-01
-4.716137299495850588e-01,1.391922806512912558e+00,6.857208072435554413e-01
8.003649629239709684e-01,1.088978754776050106e+00,4.245572693911196490e-04
-1.829051800938080174e-01,-4.245270847863481523e-01,1.267503630710631768e+00
7.396712440742221617e-02,-5.235875641154674742e-01,-8.663937725450514549e-01
3.566450428355853464e-01,1.962773162246580216e-01,1.070732298277227379e+00
3.292431455780223670e-01,2.212478350280499551e-01,-1.476377786741343234e+00
7.768055798100852449e-01,-9.345120923754606235e-01,-2.147288796078556383e-01
4.846927537387542007e-01,-1.136918756114524642e+00,7.136658192364602193e-01
8.088461950648474508e-01,5.174994371070753552e-01,-5.200536925422558632e-01
1.262681480625477803e+00,6.362062464172830722e-01,1.421833945669217281e+00
-1.596223260644854314e+00,-8.967151265490929113e-01,-1.339248720142681703e+00
5.406870050579917208e-01,5.911052552152590289e-01,1.570594208790149493e-01
-8.273003772175349102e-01,-2.103052985633692140e-01,9.353731553200429483e-01
-1.725540954177162689e-01,-1.067424695401179235e+00,-3.406525874385653019e-01
-1.952819509387341057e+00,5.178380690010005866e-02,-2.109955404009599134e-01
1.611314857784106547e+00,1.976463033849071849e-01,1.523633051490373147e-01
-1.274426606752989966e-01,4.671089713027072876e-01,1.940509530970125351e-01
-1.739285258369740683e+00,1.518323180413622575e+00,1.802877369260061036e+00
-1.527366521225512752e-01,-1.619976654338620703e-01,-1.369062597092060463e+00
1.163892371856223712e-01,-6.504993244959341725e-01,2.169431974911794292e+00
-3.588461112174458068e-01,-7.310942356921954488e-01,-1.364597000392740345e+00
6.889021036098328388e-01,1.171655822520506041e+00,1.264207402794415680e+00
4.599482253102804563e-01,2.630617728061985794e-01,-3.357268527077886255e-01
1.744407233031961324e+00,1.247900464896803951e+00,-7.420374124427951690e-02
5.710441126330699779e-01,1.379004286806930324e+00,1.049999386382565625e+00
2.688343094631470143e-01,-7.734674506537662086e-01,1.459493815003354067e+00
8.462467324115037215e-01,6.116912274690353701e-01,-1.082184694360055141e-02
7.351398272626537000e-01,1.610867779732371163e+00,-9.672122420313744584e-01
-1.679820524767333401e-01,-6.748066844015714327e-01,-2.119214309416840081e+00
-1.146165241121212874e+00,-1.469543735523014816e-01,-7.674780812661731177e-01
-5.173990522773003198e-02,1.584165708648322513e+00,1.354785994296337615e+00
7.303513623363133700e-01,-1.335863169414446938e+00,9.854000019665032362e-02
2.383849418885186922e-01,-6.259231489081794608e-01,-1.429806429632591858e+00
-9.393551360315911536e-01,8.981121676863753622e-01,1.151047765218115915e+00
1.111322300064147006e+00,-2.151550183163056129e+00,9.894059276555661198e-01
7.149311676811941352e-01,8.829706541099964848e-03,-3.433674533857365430e-01
-1.097417443277619808e+00,1.098715674710898371e+00,1.379445574985019407e+00
3.564159576809481922e-01,-3.798953439340300164e-01,2.377334763288192516e-04
-6.307723015512806120e-01,-1.306374081312529079e+00,-1.230408121796540799e+00
-3.621686093670480888e-01,1.222509835913528908e+00,-3.796448916244616334e-01
-1.219496375355267226e+00,3.552243576230536548e-01,-6.200777330424821487e-01
7.447885938144864770e-01,-5.357471915920615224e-01,4.642607180932836197e-01
-1.107929383746125040e+00,-2.358555972198450146e+00,-1.190953764184189551e-01
8.972306540098419214e-01,2.766387143806363080e-01,6.039926202730794280e-01
-5.255643550796071928e-01,4.917330135850684347e-01,-1.051367977218046423e+00
-6.934375948034842141e-01,6.232042236071924091e-01,-1.658947926180141530e-01
-6.634935743761021243e-01,-1.379219745959812116e+00,-2.929065148677426067e-01
-1.238110958341264167e-01,-1.511033946313686815e+00,7.780014628672264898e-01
1.058401877139666242e-01,3.225983826601718785e-01,-7.716034366293909041e-01
-7.351136025573423716e-02,9.583541224088767407e-01,-2.340680963503363188e+00
-1.715231579446641508e+00,1.149805756442006111e+00,2.474099902074594626e-01
-2.503633652399994136e-01,-2.524778772137629690e-01,2.525915554919778150e-01
-2.912973459679240595e-01,-8.143106049738427776e-01,1.939248957430234510e+00
1.156786716073564980e+00,3.958301841021124590e-01,4.897558060109864497e-01
2.198420770874992825e-01,1.022498432443413208e+00,1.615720856580768139e+00
1.672627098220173636e+00,-1.720424791916778939e-01,2.618359004952047209e-01
5.514937717919110582e-01,-8.322399502600746901e-01,-1.393880823737168262e+00
-3.514349496470999812e-01,1.831168457720881715e-01,1.106159724409258249e+00
-2.208468903424020378e-03,9.927816070153948624e-01,9.179483799160225166e-01
1.243859184123134565e+00,-3.348249865725571595e-01,-1.100159628312554316e+00
-1.325026967451931270e+00,-5.047721883342345256e-02,2.261437819928364401e-01
2.115841145261808443e+00,5.257677627358695593e-01,6.317978259498466809e-01
-9.876603135170719527e-01,2.686506620094698539e-01,4.547426760731522188e-01
3.319427118412734273e-02,-1.139646979680684069e+00,-1.086535277423947427e-01
-9.861533389077448142e-01,-1.801956758492232913e+00,-4.897922230792695064e-01
7.277946878536857289e-01,-8.497111838262765282e-01,-3.756834787509772539e-02
-1.096481697908950892e+00,9.951914233214124161e-01,8.269792434540933490e-01
-1.423524788920214057e+00,2.856167775034024192e-01,8.322149257451311177e-02
-3.632357837387661242e-02,5.586367834325532966e-01,-6.401503508880783677e-01
4.712401555016240140e-01,7.525417574660190345e-01,2.230211408555748953e+00
4.729106220694696550e-01,-1.799844821636123360e+00,-3.497511513413967960e-02
1.423724888493690832e+00,-4.552431088948860616e-01,-8.298941357928996121e-02
8.223828510891557919e-02,3.520118764337739625e-01,1.268864313023684076e+00
-4.179281630671723424e-01,-1.166776995680348872e+00,-1.500188356272342816e+00
-1.555855477529973774e+00,2.140671131628448798e-01,-6.395424466531924867e-01
6.317399921183241007e-01,1.131655151508863671e-01,-6.831607397333436804e-01
1.104045458044795591e-01,-7.969806862933471736e-01,-5.235975271194478475e-01
-9.698139593953368498e-02,-8.132424276612547631e-01,-8.030828192300201174e-01
3.251035829343205674e-01,-8.181371024777163159e-01,-6.751355808741059672e-01
1.187476580861702935e+00,3.804207295359697816e-01,1.133129874704419532e-01
-6.026099858783021679e-01,2.159064973146219146e-01,-4.115328152965034431e-02
1.457565790998610333e-01,-5.472812526593736626e-01,-3.936134633712147224e-01
-2.276460297989944870e+00,-4.440749796209409461e-01,7.003313043673790039e-01
6.056348208246403741e-01,9.706145621509332244e-01,1.354877719676439884e+00
-1.339871198429465782e+00,-3.520365363618945809e-01,2.472409714343495532e-02
3.941345942500144583e-01,-1.149760589996671856e+00,5.211755924284127151e-01
4.590954555721551977e-01,1.503106091483859652e+00,-4.275621819998327577e-01
-1.771982234457481598e+00,2.346433877917218913e-01,9.190824365887637626e-01
1.618170092893522982e+00,-3.015932383833617614e+00,-2.562949953360517119e-01
9.277198010220412128e-01,-6.561669418645467156e-01,6.234238905213759230e-01
-2.418248288861584994e-01,-5.104563905718120242e-01,1.769477763069930099e+00
1.180112662810297364e+00,-7.445972226047461451e-01,9.064031793334786924e-02
1.000719938678986010e+00,-1.671442680447002616e+00,1.578851930258097669e+00
-3.445995878977169413e-01,7.562988171407628579e-01,-5.619844108933595983e-01
-1.151415190294389879e+00,-2.456845921374494202e-01,1.309266331154404384e+00
-9.590301139692992693e-01,-1.323896830455471463e+00,-1.839283443133180596e-01
1.775642025290784298e+00,-4.720044991750259600e-01,7.982074264772359706e-01
-4.556422762740561794e-01,-2.504346423028414037e-01,-7.503762743445940853e-01
1.848720025414272161e-01,1.377436491102916882e-01,1.995926200786029558e-01
-2.974442829571876667e-01,-8.799358186373165136e-01,1.338551848437971925e+00
-8.952758413750787625e-01,-1.181574656660471012e+00,-5.238711395803992144e-01
-9.635798494079598209e-01,6.889166379180792221e-01,-5.237922095450574522e-01
-1.504036143959020411e+00,-1.234503714195584578e+00,1.346141101069967538e+00
5.133759035196322484e-01,-1.188871825050960424e-01,-1.699386164642736841e+00
-1.230006892203950652e+00,-1.950133137290177010e-01,1.977454518084794222e+00
-1.525698460921908195e-01,1.801802485261962405e-01,-9.861302236105795246e-03
1.056325214940789570e+00,6.945193171676129484e-01,-7.318496190971590654e-01
1.384855211835003486e+00,-3.078017379895169325e-01,2.901407763310072774e+00
3.255097146076187942e-01,1.268526245677715991e+00,-8.059899821588458746e-01
1.255048226062443817e+00,-1.737108138117541056e+00,8.156592385953511659e-01
-1.980428688322270203e-01,-1.741793314093483813e-01,1.484093378921541029e-01
-1.819353335680909733e+00,-2.917413895459508022e-01,1.392018419057761969e-01
-1.683305291494139322e+00,-1.398270966998000908e+00,-8.089736596647743028e-01
1.061133443216124128e+00,3.057455008722060885e-01,-4.136121478528951290e-01
5.195645022880467090e-02,3.763167132014347827e-01,-4.447100003614503638e-01
-8.823909567074325055e-01,-4.530247912729352677e-01,-3.607705497498177039e-01
-1.263400832668456208e-01,-1.105390361898826335e+00,1.685923553434796607e-01
1.516547618294638022e-01,3.509726509390314469e-02,-1.666274135064456097e-01
1.748655807820280517e+00,7.213470729607325271e-01,-5.263905870742180415e-01
-2.283372097878146392e-02,-1.044670500602296492e+00,-1.483785636695357235e+00
5.048894978291040836e-01,-9.831052883394769681e-01,-2.690217835047357120e-01
6.250139553087330491e-01,6.912079168028498755e-01,-1.282950994394430833e+00
-7.398172584311791811e-01,-6.401927785802392634e-01,-7.546502588064287753e-01
-6.075391162454041316e-01,-3.401877828872483245e-01,-1.719820434972009426e+00
-3.179988213909967776e-02,-1.012423972031157859e-01,-4.707553096692041472e-01
-6.307200925683911219e-01,-5.167472159425616773e-01,3.271156466694238180e-02
1.588649667258326348e+00,1.396371473157927978e-01,1.286320749256618434e+00
2.652219871546573682e+00,-6.943154211725564018e-01,1.040030064447987179e+00
1.057740762656954159e+00,2.147489600543730504e+00,-6.301275021535439613e-01
-4.481230187988438640e-01,-9.712412415138790278e-01,2.714253710573272249e-01
1.331325255985493783e+00,2.489054600683318963e+00,6.154511903861455968e-01
6.030147544893889044e-01,-5.531973271893209781e-02,-1.415439973647904637e+00
1.682080001594417062e-01,1.409938906517941737e+00,7.327942077896728579e-01
-7.598302301780418544e-01,2.170341357021933426e+00,-1.496216084608538610e+00
-2.286353159066066176e+00,7.836626218881405093e-01,-3.387891077691138619e-01
5.714350085298884885e-01,1.851381105662512350e-01,4.218962608809173065e-01
2.329072377714259012e+00,-1.510485082317137184e+00,4.435908331548765182e-01
-2.079503528727935369e-01,6.095894702055587588e-01,-6.560179894704920578e-01
1.302987590688403197e+00,-1.022644915034577773e+00,3.133111212789529976e-02
-1.618833056283061955e+00,-4.934263904197958017e-01,3.164209948296167196e-01
1.386431023874363344e+00,5.520958191181531971e-01,1.715451575423473374e-01
-6.896042010526567401e-01,-4.249401243732914835e-01,-1.841647937186155770e-01
-3.204211488946575037e-01,9.829295679301494060e-01,-4.498531731787213522e-02
-2.105702184339309557e+00,6.008944885589674323e-01,-1.637831333125752131e+00
9.324013057707420948e-01,-7.918698988906279768e-01,1.495237035839397599e+00
1.827464687190739179e+00,-7.670515514320703776e-01,1.091200936644900477e+00
8.303344404492094544e-01,4.375618727916461004e-01,-5.812574059305954943e-01
1.387616256414345717e+00,-1.520244057917670366e+00,-1.131949724468438667e+00
-7.958985616715920086e-01,1.146771284293492066e+00,6.021479712034188969e-02
-4.573204221087520671e-01,-8.258462426047463723e-01,-7.830817528886807599e-01
1.377610914776497220e+00,-3.662839512120718566e-01,-2.595007621951478383e-02
5.001456645926174449e-01,4.540993787928740422e-01,-1.055305253391675135e-01
4.962699200783189935e-01,-4.265004150426169316e-01,-2.139836995554433852e+00
-3.914914007533697449e-01,3.247939009457762705e+00,8.224156860042058925e-01
-2.380063050476333986e-01,-5.392449726994145154e-01,3.218370372083374509e-01
2.796604799919472084e-01,1.471709022243487541e-01,2.551692991506175345e-01
-1.013049391986080017e-01,3.346533497754324848e-01,5.784608642687325553e-01
6.501212376099637646e-01,-7.237708719944865310e-01,2.372614265070737694e-01
6.022968681245788325e-01,1.047773048703009691e+00,-7.895632309554023731e-01
-8.376890516906149164e-01,-1.388923717818298043e+00,3.334723550412945769e-01
-4.952476223462849436e-01,-1.573523028505412480e+00,-1.409131454737561739e+00
3.176152190080299142e-01,1.178046637713729083e+00,-6.711331333704829705e-01
8.923502166386660939e-01,-4.285597583001611866e-01,-7.393805049320602285e-02
-7.037082431516051839e-01,1.799398268599179673e-01,3.649039295667773075e-01
-5.568110424410692705e-01,-1.933615482895436610e-01,9.801462150958812902e-01
-1.075599980755360896e+00,4.561147304237400668e-01,6.375713536051709207e-01
-1.198883349265159604e+00,-1.399347574034608854e+00,1.345487631718319310e+00
-1.372400377287998685e+00,-7.547297617202615161e-01,6.154921968803805932e-01
-1.868935815833673519e+00,7.809994218580526004e-01,-1.566446374024875743e+00
-6.946880590738505612e-01,-2.023299972974943906e+00,2.624976678128823071e-01
4.338922980764075565e-01,-2.148979927633640208e-01,2.254971105089197625e+00
2.177863491317824973e+00,6.536277718419053473e-01,1.256933145750494196e+00
5.645116271803636288e-01,1.893896606158505191e+00,-1.169149605510669376e+00
-1.254945220752098217e-02,7.987566095602364191e-01,-2.640747375951933429e-01
-6.829853357792652346e-01,-7.146795287640694827e-01,7.567615396182984788e-02
3.158122480789005149e-01,-9.605059970942153580e-01,-1.603863810409032808e+00
-1.982785900813955893e+00,1.079894346861165255e+00,1.459313690219909088e+00
-9.641270497338985113e-01,2.782082461040701116e+00,-4.999059211591632690e-01
9.768150872974886711e-01,-4.614116727251185712e-01,2.178040815077452841e+00
-6.043767619704215610e-01,-2.404197460457845992e+00,2.130194993522410429e-01
1.080500057950821713e+00,6.204080536937206514e-01,-1.130993877889612698e+00
3.776912074031194000e-01,-4.137984585901131607e-01,-1.725183985733257652e-01
9.152738269055562537e-01,4.773232861214026235e-01,-1.044512356176722445e+00
-8.162104556627722829e-01,-6.242826610865822579e-01,4.160477548520020163e-01
1.796401204206296676e+00,1.550299700068567432e+00,3.393778748266438328e-01
-5.793266031561451479e-01,-6.183734992388286722e-01,4.081352520388882577e-02
-4.472464535411773134e-01,-1.202429771874847786e+00,7.989461403366481251e-01
-8.289080190529941883e-02,5.570767515845688189e-01,1.769710720352990707e+00
2.179192932004027639e-01,1.224144826934968622e+00,-4.772804025273711948e-01
2.711489753966475069e-01,-3.093342413332749331e-03,-1.140578114850282931e+00
3.225522631347423452e+00,6.857720794972201883e-01,-3.400603040688161549e-01
6.376251006948890909e-01,-8.923261711617711534e-01,-5.415332088468598482e-01
7.579803606244012171e-01,-7.068486585694924162e-01,-2.455041992243160165e-01
-3.861596708840078773e-02,-6.822241381800506765e-01,-1.733091524314958498e+00
1.000691917437471767e+00,2.138985329865318585e-01,-1.179057659736116280e-02
-8.103237143900525741e-01,-1.123217830432611475e+00,2.071489119475213414e+00
-1.658308632067748256e+00,-1.955686879108811560e+00,-1.034951928636680396e+00
1.858917504547237809e-01,3.135971605277453333e-01,-9.529105322813528067e-01
2.159185130848237932e-01,-1.270076083425142777e+00,-1.146577310412976836e+00
-1.346061080272900945e+00,2.740729544682113938e-01,-2.256317478837028823e+00
-4.687388825179450991e-01,-5.093867202363744351e-01,-6.319374711942669087e-01
-5.656247452936989939e-01,5.272110847660140820e-01,3.578311029718375114e-01
-3.029871922966606679e+00,-6.580891299264481908e-01,-2.124483303217815366e-01
5.189200999565129341e-02,-4.350348492915078191e-01,-3.937835859720957843e-01
2.455100522699624199e-01,1.050591369707709388e+00,-2.449587762191227924e-01
9.143772148561313262e-01,-1.152130476063946363e+00,3.927416986814840083e-01
3.930739983342041444e-01,-7.265194047154280854e-01,-4.767204113883694028e-01
4.712224328117587402e-01,4.784876043917050681e-01,2.150511585023538785e+00
1.528976053684943659e-01,-9.120884329915008859e-01,1.945171832929414035e-01
-8.269357296972695837e-01,2.822946025851711394e-01,-4.056402895000089659e-01
5.429473940808571264e-01,-7.143397117062130208e-01,1.659909433101800780e-01
-4.012154023283661108e-01,1.580504506243472860e-03,-1.340733274589853696e+00
1.506538400590830662e+00,8.193944774733512570e-01,-4.190619991079367335e-01
-1.043647385983473147e-01,-1.709804712123359050e+00,-9.575274525880962395e-01
-1.600369649564112429e+00,-2.116742439286400934e+00,1.621319175876696939e+00
3.167690484513299709e-01,-1.381055961913233432e-01,4.743402353750880707e-02
6.383099946527809321e-01,6.916109928482729874e-01,6.718696962719253873e-01
-4.215596043550282612e-01,-1.919408550893319410e+00,-6.623466313691407370e-01
3.568302197616061155e-01,7.071187970452829097e-01,-1.693273821935158685e-01
-1.875016500338726744e-01,-6.585367290523889139e-01,-5.230257193982298380e-01
-1.213194758801930950e+00,-1.190010157190942941e+00,1.046865333061692549e-01
-1.171868179734017579e+00,-9.232939581194432588e-01,-1.477962997399407064e+00
2.025035311695120022e-01,-2.134583156735688103e+00,-1.009312063556500272e+00
-6.616213633367021840e-01,1.259230300987427942e+00,7.076844234520640597e-01
-4.899144558736039379e-01,9.917861742442034556e-01,2.876096883325932607e-01
1.349574160821572333e+00,-2.392109348140874392e+00,-8.912536111714008946e-01
9.964184207594499465e-02,-5.364348049583921307e-01,-1.439252849741779805e+00
-1.862050715065909134e+00,1.106390380928357287e+00,8.187892038187211119e-02
-4.796200197325914405e-01,2.101060420216466884e+00,-1.469551793517024918e-01
8.113811020146063369e-01,9.194905929159118141e-02,1.234307800287840928e+00
-9.403801121249129036e-01,8.911808475113234262e-01,7.240601516369629675e-02
-1.384805551395934753e+00,8.264921462149136255e-01,2.030183300424954762e+00
-1.382626294520751031e+00,-1.581314517570542311e-01,-1.212703557710198110e+00
2.489029586412860873e-01,-4.769628368230474091e-01,1.431289093313679706e+00
-4.559717400165981815e-01,1.789995119191820083e-01,1.870196202973062993e+00
1.512528345006431518e+00,6.369388493290818465e-01,3.061355493456250354e-01
8.219790233421749859e-01,-1.743584071172652183e-01,-1.075373186871372844e-01
2.704941606891507755e-01,-1.806815041641591346e+00,-9.418113320335130823e-01
-4.987365060716072440e-01,-1.333820615838130497e+00,1.553267895262825160e+00
5.753213787030583282e-01,-2.354847740876227502e-01,8.793724302955321370e-01
1.558413835287788096e+00,-2.846173086006945768e-02,-9.115237151212891575e-01
1.775455652909346815e+00,-7.649779021038014548e-01,-1.700500497733011152e+00
-1.829681314660428937e+00,4.081504789898000030e-01,1.201432145356464476e+00
1.259692305934849932e+00,-1.661431654567558647e-01,-2.957101070560288480e-01
1.772077938004043007e-01,1.020733847817686613e+00,1.161861679064170705e+00
-7.922944293752268718e-01,-7.921623726061899351e-01,3.481171218586153193e-01
7.895401466223337383e-01,1.380523321894912447e+00,-1.013714164300863141e+00
-1.880038820647514708e+00,1.215607798617558688e-01,4.519700304197697971e-01
-1.015635675753325945e-01,-1.286836301080898970e+00,-3.400164716960237254e-01
7.730945412501387670e-01,8.646029541605142477e-01,-9.925583123977521627e-01
3.820334501480607825e-01,5.093553270691798529e-01,-6.365162319879245079e-01
1.111162437564674033e+00,-2.953032666345403734e-01,-3.768370267936722168e-02
6.448014910327344307e-01,7.141862378347449969e-01,-6.741398935693012628e-01
-8.416939275309481827e-01,1.788265021293326873e+00,5.925506162639021523e-01
6.751573816161363650e-01,1.008526616842398554e-01,4.342677425188822687e-02
-1.277177953106749975e+00,-1.378426420618595605e-01,-2.823804058306184431e-02
-9.729454567208917215e-01,3.921642458147688304e-01,-4.039791651306850334e-02
-1.597342257547735178e+00,1.084007632038773261e+00,-7.924339263677415701e-01
-1.347005399142154891e+00,7.036642932087261437e-01,-4.086823479704865258e-01
-1.822405069170897618e-01,-1.922323646951294984e+00,-1.707619855219162097e-01
7.343994801255585569e-01,1.843518486281954027e+00,-1.390517364824424007e+00
7.156206572553901468e-01,4.011929117389178429e-02,-1.173338156224854323e-01
-4.697248638222800698e-01,-1.981693302475926899e+00,-7.342915800230850887e-02
-3.857151812811214775e-01,-1.430662080330744157e+00,8.663868087780803862e-01
1.280430042922143574e+00,-2.086089298261550595e-01,-5.629105477519780187e-01
-4.542531273894658828e-01,4.451054519882990945e-01,5.771268455579807721e-01
5.187404805109289141e-01,-7.511661558174904663e-01,-8.654089273558879247e-02
-1.866845265730681325e+00,1.212243538825733824e-01,-1.537693415154709697e+00
-1.400252566849301994e+00,-3.357716115252452060e-01,-1.344730599388427317e+00
2.089172923329315257e+00,1.272289518248825413e+00,7.900517236472404115e-01
5.508202983618508686e-01,1.278307787113405758e-01,-1.019760568879309326e-01
-4.682411196866099745e-01,-1.213720187591843802e-01,-1.131959866277481686e+00
1.494048680669046281e+00,-1.131836215911130372e+00,1.799388474566882667e+00
-1.250730590068331205e+00,-6.897473213163716199e-01,-1.207727356276115938e+00
-9.668261780430627006e-01,-2.731005234000018489e-01,-1.807649961716058407e+00
4.487605090230301075e-01,-1.523931363784124082e+00,8.626691721133251667e-01
-1.893958922050455795e+00,5.412893580387903025e-01,3.080616390280598083e+00
7.445523086992199557e-01,-1.519725468530962464e+00,1.441430443740306711e+00
9.015894655462548535e-01,4.851193699306062812e-01,-3.504942946849310542e-02
4.476359623194848258e-01,-1.094559231792672671e+00,7.367173812535285360e-02
1.995812441026552642e-01,-1.057015973717299537e-02,3.397902866590209459e-01
1.017794610838756997e+00,1.455458612849269695e-01,5.652554866894607954e-01
3.715295517667194236e-01,-6.567624238263697345e-01,-8.389865556256770329e-01
-1.029065589129844138e+00,-3.446464149659245885e-02,7.351095576929697617e-02
-6.897931704362365579e-01,-4.897250508492474036e-02,3.277816676252550687e-01
-3.186579680412603977e-01,-1.114934233487583803e+00,1.149836387024201351e-01
6.179325945841406681e-02,3.296985160408582582e-01,5.401124564957052732e-01
-1.110018653529374566e+00,-4.631134684565854087e-01,7.223417820508368781e-01
3.898325255881858742e-01,2.253508658714214186e-01,6.186028829361646733e-03
-9.676766527019676767e-01,-6.690817602388973162e-01,1.862539783204965937e+00
-1.941056513443985554e-01,7.536015687139456520e-02,-2.210898757034094816e-02
1.743985656315024946e-01,1.562115440219141949e+00,3.902670844987151111e-01
-1.140048026224040001e+00,-1.513747273901139945e+00,1.020822043654430633e+00
7.121265170076472861e-01,-1.109459242267911483e+00,-5.186748294630653122e-01
-3.591847644692687247e-01,4.745155080646465962e-01,6.368882826434827393e-01
8.049337696723730673e-01,-9.008370692709466443e-01,-3.470373517301982708e-02
-6.788929802897203380e-01,-5.422121235852335186e-01,1.191410539125734358e+00
-1.871427475158702780e+00,2.040509489996729930e-01,4.123684854685799595e-01
-6.229145131655702272e-01,1.760230500777899276e-01,-5.973214405054824011e-02
6.538845272258434482e-01,-1.372365943101037544e+00,-6.534277065622684511e-01
-1.116888613407367892e+00,-2.946171838390386211e-01,3.391556687715871488e-01
1.341434141966483251e-01,9.377743556685649295e-01,1.291876346039663837e+00
9.449259714871970361e-01,4.960668347513315091e-01,4.499609470744663220e-01
4.130452171347350765e-01,9.354306078718420681e-01,1.049165496118815710e+00
-4.728660102469615101e-01,-1.052998581054937377e+00,-2.565244148048359887e-02
2.211076446917116467e+00,1.261099812205349613e-01,7.728429794128518493e-01
-2.134275354483050169e+00,2.731015388849836523e+00,9.607302704806214289e-01
1.422461630273796462e+00,-2.437432421833374552e-01,1.105023197981594540e+00
1.306357123291679745e+00,-2.047409009987239070e+00,1.856642384186378170e+00
2.187827493603181905e-01,-6.043692180278738280e-02,1.284234284859171016e+00
2.668423837560631728e-01,-6.854268922798077979e-01,-9.541941955248044449e-01
8.944226722748122027e-01,-1.513578794871053734e+00,-9.408648007513059630e-01
-7.661459869791767963e-01,-1.005296804410249711e+00,4.127755754725307979e-01
-6.445500343803366450e-01,-7.749734108668048238e-01,6.752657475203761861e-02
-6.687619872349233052e-01,1.554117079206188134e-01,2.966512708211480054e-01
-7.216200125669911536e-01,-7.929704865494306698e-02,-1.624665507906414286e+00
1.476484640191226605e+00,1.154830723369524081e+00,5.464853759743620865e-01
1.673810466905234939e+00,7.111463814774663383e-01,2.901149177390361378e-01
-1.516754213586485767e+00,5.457057101699542834e-01,-6.646439161728802392e-02
-1.276828218305766649e-01,-2.672184603884993348e-01,-6.267043719654884493e-01
-9.647652540899567808e-02,1.971268176947704731e-01,-1.815142996407877130e+00
-7.172891780784248494e-01,-6.716459466937753087e-01,-1.614932122618333965e+00
1.061184556530362366e+00,1.522100084592125979e+00,-1.080249424855036500e+00
-1.598697286619334967e-01,2.705795861927062784e-01,-6.076703972822022903e-01
-2.259783851824243683e+00,-1.997333486240514322e+00,-1.152273713297304880e+00
2.837837021315876007e-01,-1.636453515393374136e+00,1.735257096024094836e-01
1.324313908472801282e+00,-4.014758473827615380e-03,1.322471678432471487e+00
-1.023187087906886950e+00,1.416993704106807250e+00,-7.453888410821114530e-01
-7.816276615609500933e-01,-1.397470417793798270e-01,-2.345024290471221740e+00
1.385127240965440043e+00,-3.053795289125459944e-01,-2.227483593451821259e-04
1.734472496337332303e-01,-1.254115467184213406e+00,9.788119618287911550e-01
1.651697382226466226e+00,-1.071908634520341685e+00,5.127181688572703955e-01
1.620052528627116351e+00,-9.415250901731000432e-01,-1.166392598571742711e+00
9.047620301984391489e-01,-4.938601221786728668e-01,-9.736184279883067783e-01
-3.640574904479944585e-01,-9.427901285647447560e-01,5.085598929399133272e-01
-2.173995045945400051e+00,4.421295958120584069e-01,-1.046184772268995422e+00
8.690835096509553770e-01,7.012078204691020167e-01,2.125919004205533147e-01
-1.891681638350220795e-01,1.080907981543985263e+00,5.322365588839875900e-02
-1.110513276449241138e+00,1.871094653957257603e-01,-4.623656734250580769e-01
1.806190454011560753e+00,5.775572778546594899e-01,-1.925971718166457514e+00
-6.591858083476703767e-01,-2.163756034305601983e-01,-1.062140698481344181e+00
-9.379944098888876036e-01,-1.407367968068089059e+00,-1.080605236981483849e-02
-4.581563854530550373e-01,-4.801123318857881961e-02,1.123548001782035843e+00
9.624461709264030551e-01,1.085112245178930568e+00,-2.424568542805549676e+00
-1.753099059234553447e+00,-9.473760851442211139e-01,1.114472937226399729e+00
-8.822671600074982745e-01,-7.958293439486106013e-01,-1.165776680053990516e-01
-8.671150726658741204e-02,-8.508462392402790231e-01,2.622901929854908332e-01
-6.895625577957613661e-01,-1.521436734469256313e+00,1.541446918546209854e+00
-1.329757985249971075e-01,9.449336700835844760e-02,-6.868177045456881347e-01
1.570158287896752158e+00,2.971583195688616841e-01,1.692234364160740334e-03
-1.621506657536530005e+00,6.431550307761549901e-01,2.101299664468424255e-01
-2.009775820211591402e+00,-8.216134555724859956e-01,-6.903914545643574652e-01
-1.443677950565770418e+00,3.611998505321178943e-01,1.673336605351533057e-02
2.078704272428736344e-01,1.037424612532988233e+00,-3.654012193326864888e-01
-7.699447191451588290e-01,-1.214215535129970824e+00,9.530822882980097832e-01
-1.329068846258810943e+00,1.397692323481207199e-01,-2.262811237224919392e+00
-3.174538256528968150e-01,-5.334036604068619347e-01,-5.720368145702139362e-01
6.585665531424264585e-02,-1.308956464252812590e-01,3.118365829840885062e-01
-1.781462699484664736e+00,-1.706704289454734069e-01,2.998012751405824128e-01
9.634392797801101249e-01,-7.841612222333101956e-01,-6.320755892752019101e-01
-1.610115063081601683e+00,7.090724168487398948e-01,8.663852491497899821e-01
1.371470851860086659e+00,-2.753252308289778627e-01,-9.246046027730425720e-01
9.421005102891376604e-01,6.478249428940278110e-01,-2.746566164005787708e-02
9.603391595810804038e-01,6.845352425650738093e-01,6.406525585186623184e-01
4.469560287434837242e-01,-3.146110025024461548e-02,4.076311851039482459e-01
-1.240996497763857231e+00,-4.582597685792714343e-02,-1.635278552994221979e+00
-1.904712832939369493e-01,1.558824425202209318e-01,1.398340495996295951e+00
1.479601639437156876e-02,9.576796049475124750e-01,2.958319703209279505e-01
9.901670579642767034e-02,7.549158850125385900e-01,1.118148654472341130e+00
-2.553331226746070604e-01,5.279874001423077168e-01,9.905154168044748297e-02
1.639059397501562376e+00,-1.771116391762950437e+00,-1.237500408880287672e+00
3.903252875941998767e-01,4.331832829600577028e-01,9.153174418854964633e-01
-7.187411099211900023e-01,1.866329490178114003e+00,-5.797015184988318914e-01
4.489215766794281692e-01,5.830510330138081176e-01,5.405825002941039292e-01
1.134768800722082693e-01,-8.350877267701252160e-01,9.869612107950569424e-01
-5.584009681031618655e-01,1.077976041107205463e+00,8.336589635403481857e-01
1.081603882285110618e+00,-2.346826334839115236e-01,-9.040630668955529359e-02
1.501450988018229404e+00,-4.911240024433897733e-01,-1.580080405023094603e-01
5.220711397077197891e-01,-4.052814735078205666e-01,-2.811665810841160740e-01
-1.174710711272834107e+00,1.150032389880923489e+00,-2.059761689766346493e-01
2.513680771225177968e-01,2.092982579731132164e-01,-1.818999998762081405e-01
-1.148252705013238728e+00,-5.262450737428868708e-01,4.313557223005120012e-01
2.748528511065887470e-01,-4.801827893485917653e-01,1.918521269451623767e-01
1.400468942162779618e+00,-8.849923626365000517e-01,-2.325086235994077821e+00
-6.289519912548465763e-01,-1.210715781720058226e+00,-2.128512353587475314e-01
-3.851364528706864299e-01,-2.172336493851771078e+00,6.725319043573755318e-01
-1.778515333884138905e-01,5.274498745255434828e-01,-4.913782521280332660e-01
1.130782571103463807e+00,-4.421104686442793863e-01,-1.473036714920265888e+00
-3.398493929979721773e-01,-2.522687568661372559e-01,3.232373770327094387e-01
6.677078995411661611e-01,-7.116771935788472891e-01,1.465460346859980556e-01
4.859901400018086792e-01,-3.768390426823727823e-01,3.407437461812952428e-02
-9.173832270568707536e-02,-9.188237719544626314e-01,1.290920525934943663e+00
-1.153566390121038232e+00,-1.310423829101052817e+00,-1.013984463548750714e+00
-4.772431760812787527e-01,-8.538640242361146271e-01,8.947230553484968318e-01
4.224568664694654530e-01,-1.705878252964336816e-01,2.891643404675461881e-01
-1.460473277040608364e+00,2.330230623752345964e-01,-1.713086526148934752e+00
-7.582574967152987400e-01,-1.156921571837239870e+00,-1.259444063279799186e+00
1.860204245527204092e+00,-1.347760405909074755e-01,5.356771764833790916e-01
5.745484461183708591e-01,-9.756670691864439970e-02,2.274644567863439437e-01
6.531202846668592299e-01,5.461610709277839870e-01,-1.600518658776303837e+00
1.000691395670901956e-01,1.890969344056524504e-01,1.453815086183578353e+00
1.229758286722400173e+00,-2.780650274406101241e-01,-1.131146536620512011e+00
-2.068406513745092212e+00,6.182694825441056308e-01,1.172618170897427314e-01
-2.604262846477852777e-01,2.432240846909289322e-01,-7.027154838757398991e-01
2.127810170002146339e+00,9.145828914511965335e-01,4.420305428963576255e-01
2.813316763698631706e-01,-1.349231318966632731e+00,-6.421710131698626922e-01
-6.263029307242853339e-01,-1.923190928324367333e+00,7.124651725806374625e-01
-1.810771490969556474e+00,7.822362384569487848e-01,-7.076687696522230286e-01
-1.714339708052740496e+00,-1.061636190175335864e-01,1.725895353429321544e+00
-1.308608902106172256e-01,-9.862675353976411152e-01,4.126623067094938313e-01
8.423855121803444090e-01,-1.143187583337598845e+00,-1.347280122450191797e+00
2.748042097533032746e-01,-1.318492126679739807e+00,3.649074318745986756e-01
-3.140002254297722395e-01,1.191347030927598222e-01,4.954878601478573397e-01
7.128804604497938069e-01,-5.040022219501201217e-01,6.574731818466008626e-01
-6.267671708998536761e-01,8.381499879542174680e-01,-1.185587411908351818e+00
-1.065321639207926996e+00,1.250777818261382235e+00,1.113963441288951389e-01
1.321908557261484374e+00,-8.835636317747477264e-01,1.968044413039664597e+00
2.070306783072409229e-01,1.455632147935349119e+00,-1.983557883997190574e+00
-5.463881051500364405e-01,-2.413146676276268554e+00,-1.054996600010409263e-01
4.696635550042864149e-01,-7.213970151992623592e-01,1.002374700504496507e+00
1.269617944327812609e+00,-5.106958913046144577e-01,-4.818624379647573064e-01
1.811955910168310924e+00,3.102296541673587038e-01,-2.305369621939729718e+00
4.394875386860395694e-01,-1.421685638242121907e+00,5.214205704150045584e-01
-4.261192524038090457e-01,4.082357141366438902e-01,-6.989425924505805465e-01
2.211865268223044412e-01,9.527451941659381696e-01,8.563858476932082464e-01
-1.130884206818630666e+00,-1.957891721735026902e+00,4.303825651805165409e-01
1.193739404304122287e+00,3.749382650083202817e-01,3.628531822658299655e-01
-1.449372739864975612e+00,-2.086178448064626989e-01,6.001687155962153186e-01
-2.653642376631970556e-01,2.454937779711918646e-03,1.760175809475077235e+00
8.717584513033863614e-01,-1.208755077023632163e+00,1.706830536099135376e-02
-6.664218112506523628e-01,3.333653004729436597e-01,-1.720686969688160373e+00
5.558397620072297318e-01,-4.921217120742626405e-01,5.975701158957032882e-02
-6.114022759639466953e-01,1.208179779231891571e+00,-4.423698768503905865e-01
2.502938609600634523e-01,-4.896000988101466556e-01,7.331098579257914194e-01
7.142535867687234141e-01,3.008742621060062739e+00,-2.957869756596589461e-01
8.604157374533188962e-01,-2.016513320735138226e+00,4.222549043108687616e-01
2.481150705305953164e+00,-1.149250560770864293e+00,-2.499065656721780049e-01
-7.208096386431365188e-01,-8.661664701191024163e-01,1.054829554137885150e+00
-1.890341859146301484e+00,-3.968038180878943888e-01,-5.507353581344748283e-01
1.081243830739918865e-01,1.315502247107372957e+00,7.085298519568197229e-01
3.016582450522273251e-01,1.716090980101828256e+00,9.153610225838499925e-01
-3.305912758749506297e-01,-4.819762017036289814e-01,-3.951897547130100996e-01
7.742937524010737871e-01,-1.284054258610916932e+00,-2.939955344335876131e-01
-5.291694057705751408e-01,1.599702985765971974e-01,5.880899248031619120e-01
-6.973285438940654002e-01,-5.259804268813074168e-01,-5.017442149281593489e-01
1.125999594743588350e+00,1.459948184838366858e+00,4.304896169005020812e-01
-8.621538274288302883e-01,-1.867883622022894041e+00,1.544087650697233860e+00
1.572009383117696668e+00,-3.752578644343889658e-01,-9.119357349673774815e-02
-6.208613213773354067e-01,3.655420405671798434e-02,9.252420766653925155e-02
2.147575804360069007e+00,-1.661267676402478743e+00,-5.523046899381367503e-01
-1.309582242606377733e-01,1.282476901258794710e-01,1.864629821406256438e+00
1.157204883919929816e+00,2.444724077704709952e-01,3.831491836797362160e-01
5.807866638081470301e-01,-7.987519159318468356e-03,-3.308971452025469273e-01
4.780982626681773429e-01,-4.050983298341033212e-01,-5.766715783867203821e-02
-1.375771643421278778e+00,2.214696827384878830e+00,1.589210859329937886e+00
-5.057422724324556196e-01,-9.769848374684656500e-01,2.044469451176109120e-02
-1.484208926425639063e+00,-2.238467875841592125e-01,1.602530938506152136e+00
-7.312169410036510886e-01,1.033361425837372227e+00,2.796356608475963346e-01
-5.800773537530256457e-02,-5.595938219342911496e-02,4.970702312498678777e-01
5.105803060401330473e-01,-6.583588153927677489e-01,5.377151736472127741e-01
1.831914228598562566e+00,7.432721093767052922e-01,6.768413800326873730e-02
-1.395550721937656613e+00,9.284304401631873205e-01,2.231959456171468847e+00
-6.338376240302719955e-01,-1.180453770428819826e-01,7.446107637452175076e-01
8.492622960207136806e-01,1.601901989709149765e+00,1.967968251895697795e+00
1.109446837879316972e+00,-5.455110379459906511e-01,-1.054222804834223481e+00
-1.373767814253471498e+00,2.443698050001942013e-01,8.794541567026019357e-03
-5.482403142260647982e-02,-9.152735207214238722e-01,-1.229576264690485754e+00
-1.083568763741714847e+00,5.272291371436715890e-02,5.429991350233173142e-01
9.318219613438670779e-01,-1.548908045559880708e+00,1.398173569878801592e+00
-1.446751002782981299e+00,1.635643648670283667e+00,-3.240420683629900451e-04
-1.385135799940163226e+00,1.463358700983569349e+00,6.239882340120216364e-01
-7.633804479892853934e-01,6.479932130376022670e-01,1.211716609577417447e+00
-1.637391312933423881e+00,2.312122014562131511e+00,-9.905047572388072652e-01
-7.136214866603030060e-01,-1.468549315233272257e+00,2.360683402631576833e+00
3.135856487537550530e-01,-8.187520539256635255e-01,-1.194955613186731380e+00
-1.310894930897376964e+00,2.740605636269189405e-01,-7.667959396736770961e-01
4.485563866156846435e-01,-7.146969115890556834e-01,4.792583012427838463e-01
6.354794593554276005e-01,-7.185343382610439589e-01,-1.368735362113052467e+00
9.307705392841626457e-01,3.131403773701014748e-01,-2.709618818783372518e-01
2.603352308464991438e+00,-5.176126194536279090e-01,1.132238185725641832e+00
9.554775869587928128e-01,5.824739827884378718e-01,-5.579089575465026041e-01
2.348673815540361365e-01,1.601122747235053767e+00,-9.960695644273918070e-01
-4.094520156047173343e-01,-6.407190406760432388e-01,-1.294246890064985500e+00
1.157574594287581610e-01,-3.081510159492888978e-01,-9.279842512481216721e-01
5.966175680380281232e-01,-2.944716316169186499e+00,7.369095983036139108e-01
-5.506313572938333900e-01,-1.587435175669632326e+00,-9.165541911765821004e-01
8.806168550995673305e-01,-1.463258331754115460e+00,4.598530147110168609e-01
9.433001631608918247e-01,2.212117617837031924e-01,-3.301337511530013646e-01
-1.430422966373793292e+00,7.718626011086672234e-01,1.841503925430615807e+00
8.890103683365365717e-01,-1.099632421362151780e+00,-6.721492986796223645e-01
-1.936746952314578163e+00,-1.013262907159628634e+00,3.561254724911380731e-01
3.537477604507506812e-01,4.165169531310971562e-01,5.036467538167670455e-01
-1.885299654432673888e+00,-8.536344956209520607e-01,-1.420902343253271916e-01
1.803798790690643028e-01,3.415075168048636312e-01,7.403166232290369075e-01
-1.775609085403612175e+00,5.437664925879984179e-02,-1.115075811328478661e+00
3.446704129391706672e+00,-1.282414750808049675e+00,6.928924341509385965e-01
1.134488340104676363e+00,-4.675499807468387614e-02,-4.974334310155917316e-01
-2.073407725865180906e-01,3.367538874536776111e-02,-7.485827205113261273e-01
1.620473936267145865e+00,-9.693947315184267000e-01,3.136707203108471731e+00
-6.933946542745821340e-01,5.106952097090562415e-01,-6.456437759293357503e-01
-5.104700343965515863e-01,-1.365010166373736844e+00,5.739478944033403751e-01
5.807763520112039224e-01,-1.002403500797156011e-01,3.472079154448597105e-02
-1.298253686145975028e+00,6.692981385510701209e-01,-5.854748594095088299e-01
-5.028368563557912285e-01,-6.727730016335294883e-01,-3.890414844930550342e-01
-1.889513823330791209e-01,3.006331279615214180e-01,1.387231589559363432e-01
-2.406151613197234640e-01,-5.272580927788600436e-02,8.986312705424146507e-01
-1.604415868469148299e+00,1.211987039663015242e+00,1.674184812460241867e+00
4.874688940949893912e-01,1.830698587533828858e+00,-1.401708582568713113e-01
-9.376084572389203897e-01,-7.624720655745890197e-01,1.238946129685518871e+00
5.464898874440999449e-02,-5.712222127248427483e-01,-1.839804315129514034e+00
1.306126782027918320e+00,-1.877955520508642895e+00,-8.928196411276197175e-02
2.444648629065209189e-01,-2.311843994008616343e-01,-5.888237961343566473e-01
-1.987964256937483076e-01,-1.747326278516995179e+00,-2.976105582657503357e-01
-6.824595449718401374e-01,-1.579252724017532195e-01,1.725943416612848447e+00
-2.300079908618744562e-01,-1.151247582990971408e+00,-1.608199484927054002e+00
5.690981331143293298e-01,1.092446970153513996e+00,-4.020075687035148393e-01
-9.002012963975642990e-01,-1.171809509835480156e+00,8.147216565580376324e-01
-1.161773218983964240e+00,-6.613114691017921154e-02,-3.478531230791901546e-02
1.858671362014973738e+00,8.064136362419968007e-01,-2.222549304618039456e-01
1.213514322930137945e+00,6.323316747864512477e-01,1.705090826575381413e-01
-3.818683883842829418e-01,6.626373314780065193e-01,4.850579443262001966e-01
-9.112938398227459214e-01,1.408136845855058050e-01,-1.321844555662754717e+00
8.555275843844234451e-01,-2.137290496064052636e-01,-1.175657290665197641e+00
-1.357540990223387256e+00,3.391832345426339934e-01,2.538536852603014093e+00
5.567364187376575568e-01,4.700891431550721644e-01,1.916467844520857389e+00
-2.562483564399443137e-01,-1.206584362327959070e+00,1.536900721485693122e+00
3.441285085865585236e-01,-1.680407312501996042e+00,-4.838602170948989034e-01
6.956275500866210271e-01,-2.901870578408005108e-01,3.306053421703532003e-01
1.538337200175641517e-01,2.058596874561790635e+00,8.987164339868151108e-01
-2.872850592435375466e-02,-1.165269625967652933e+00,-4.915049269350881822e-01
-1.767588530130495217e+00,6.351319073800468784e-01,-4.462692269313501825e-01
-8.462303216855796562e-01,-1.668235802104961196e-01,-1.922969471380908235e+00
9.293861658520383706e-01,7.809975256430004009e-01,-1.088397846764210364e+00
-4.702055153371927365e-01,7.307790430911693669e-01,-2.233643466762691876e+00
-4.155200590611831113e-01,-7.939644330338558875e-01,2.918957341115834492e+00
1.806728418913858963e-02,-1.968579610219862053e+00,6.486130604000432953e-01
-1.983447891422854603e+00,4.189289865142545866e-01,2.501053026679355903e-02
-1.199806827540134124e+00,1.775090413006800372e+00,1.606871073396303196e-01
7.301715114051350597e-02,2.479055065156027471e+00,-5.556306940761255309e-01
-9.215303876918701231e-01,1.673338047785996929e+00,-2.028896636924879815e-01
-2.250098640314295018e-01,7.470831991495562319e-01,-1.191510540435569920e+00
-1.836565938741021309e-01,-1.131540898228655667e+00,-7.102367793183493594e-02
-1.059675155881210529e+00,-1.234803146496057158e+00,-1.233249661491707116e-01
-6.970908984426799071e-01,1.893743806863260049e-01,1.152604847497404467e-01
4.446276206620469740e-01,-2.304617634029595408e-01,9.855199754287023994e-01
-1.432745835563964842e+00,4.865508556178216870e-01,-9.868782521733792112e-01
1.606588183258729763e-01,-4.555016720321986567e-01,6.349621417553734659e-01
-9.016949529087183723e-01,6.978490677699592526e-01,1.964685339425086275e+00
7.647000622960967720e-01,1.491686754030387529e+00,-2.301832390322655353e-01
-7.740039055462315520e-01,-3.577190493614634259e-01,-5.176053609831595681e-01
6.133120524834998477e-01,3.927984299304236870e-01,7.266542744352896266e-01
-8.193524345233780259e-01,1.602480278860819451e+00,-4.238714641668087091e-01
1.387427469065450669e+00,2.092827166412656315e-01,-1.378588838619354995e+00
-1.281058662122914971e+00,-1.598793560059320606e+00,-2.175729651449997970e+00
5.288583240321752532e-01,-7.454132844014700332e-01,-1.190017006416304479e+00
5.410403173991963355e-01,-1.763187743651771500e-01,2.316515842632257627e+00
1.107979482427503992e+00,1.735349574707652776e-01,-5.318985831635338890e-01
1.671881072500318144e+00,-6.660912420869762318e-01,-1.197271564534944099e+00
-2.824994324451718941e-01,1.025787556627627967e-01,3.235477144956138695e-01
-5.983896412684794885e-01,3.135379572847983853e-01,-6.308844465781688893e-01
5.625371521256052887e-01,2.891502047440249190e-01,-6.576829489688275077e-01
1.310234141670649999e+00,1.041792203425950358e+00,-7.025470878774825456e-01
1.666330872272270835e-01,4.718754639516243854e-01,2.324739199292560031e-03
5.270551596347810008e-01,-5.801864962855040053e-01,9.663569216151870478e-01
1.714818714282485487e-02,-5.847238873433245887e-01,-1.876442423257623227e-01
-1.881003001041146705e+00,4.039459110706433709e-01,-2.745492809165716586e-01
-6.129604479222166002e-01,1.398832090730111277e+00,4.256258828481305767e-01
1.907119255604500907e+00,4.754977690084728759e-02,-9.938651506837435923e-01
-2.092207171207231819e-01,-4.549321688368914152e-01,-2.194392373180934497e-01
6.983385802854407028e-03,-8.435416762617610198e-01,-1.525928591574981619e+00
-3.374721716792599691e-01,-3.240013939883132910e-01,1.537502994842049331e+00
-3.693016233057458964e-01,-7.192304008968167239e-02,8.154996152134758036e-01
-6.927918106544707078e-01,-1.936436570271005353e+00,-3.844701493682363136e-01
-2.228091812596385557e-01,4.956252020624862253e-01,-7.941532108051592154e-01
1.363954616604896031e-01,1.726001059857134035e-01,-1.370192363937342783e+00
1.573762233596381621e-01,1.014627564598791665e+00,3.487273592246881160e-02
4.554589792218223521e-02,1.144630773169917237e+00,-5.052041132755001884e-01
-6.319338953604149989e-01,3.335769787625300076e-01,-3.985456100647252198e-01
-6.714654618245221585e-01,4.941046523804330515e-01,1.330954670845144516e+00
9.315964772153863260e-02,7.717832810065021754e-01,6.973117570154929723e-01
4.500546560393360873e-01,-1.308284707715343442e+00,1.684265920363198665e+00
4.249142548075827142e-01,-6.814975449467998159e-01,7.552466118139723461e-01
-1.374240839755289212e+00,1.605468686234412745e+00,-2.271809288164617358e-01
2.757595961472643700e-02,-1.122292143874347170e+00,8.624296081792791613e-01
-2.126909874406512357e-01,-1.215077022636732229e+00,-1.039769816694373905e-01
3.143650438199090957e-01,-7.814902535158432251e-01,1.047498684165654170e+00
5.027519813073432209e-01,1.030779192107962178e-01,1.746586202083105110e+00
-1.859085092535885719e+00,-1.738146988819088412e-01,2.941560732844568649e-01
-3.237213706649645917e-01,3.430821786990381206e-01,1.254914858923194876e+00
-2.144478330905386365e-01,-6.222396794986863044e-01,4.094286563674916501e-01
-5.516405339641351491e-01,-9.059428003673647423e-01,1.200453363104322824e+00
1.934081245130025717e-01,3.429720172311345183e-01,4.329900790734455551e-01
1.180657437930424658e+00,-4.550953160581841517e-02,-8.334605047878387296e-01
-3.875016219141454443e-01,9.899762538602579522e-04,9.666615872409625165e-01
-1.262255740393383618e+00,-3.653442139365184471e-01,-6.706121480887472508e-01
6.481621860270794233e-01,9.267594442140740796e-01,-7.024207763747460087e-02
8.437226990635570134e-01,-5.301608581500724116e-01,-5.935433348494096872e-01
-1.442655022452784541e+00,-1.373629132610576953e+00,-1.191039321398412953e+00
-5.065080733998456042e-01,8.057336827915263511e-01,-9.579982731158930287e-01
-8.055769717488702186e-01,-1.711191091663768926e+00,-1.197994499229451781e+00
8.102919094896325891e-01,9.655340030568241305e-01,1.495341305200477811e+00
2.282019538675345682e+00,-3.681490249002583037e-01,3.871377685129799850e-01
-2.011619468515065678e-01,7.733533443220749204e-01,-1.113205202184186948e+00
-1.245484349610183061e+00,4.765713605653449370e-01,4.181203456815094088e-01
4.965232011958372049e-01,4.598461110024397169e-01,-3.451003382557115140e-01
1.499941878567151887e+00,-2.283927870069479837e-01,4.550020705241832747e-02
-1.075493690617435327e-01,5.061479387526954810e-01,-6.443383273149189128e-01
2.134562879592482254e+00,-3.308875332044350359e-01,1.568451475212553209e-02
2.583269104982893194e-01,-8.948736759395574392e-02,6.618751814771637321e-01
1.098223458770109184e+00,-6.947826799317370350e-01,3.433482284592271894e-01
-8.531140056049554277e-01,5.565816736415317711e-01,4.246496716903355728e-01
-1.858119705810495681e+00,1.255025739766391535e+00,2.750381811196470627e-01
-7.208367988152772354e-02,-3.848847355918334490e-01,-1.190138008846561402e+00
-4.332960568992464956e-01,5.266273725314748466e-01,1.455198483174757529e+00
-2.141592239226822514e+00,6.777085313398600874e-03,1.092065243149311637e+00
4.367388532118294253e-01,-5.845117420423391330e-01,-5.882332397258254186e-01
2.627598311001881903e+00,-4.568865381242985246e-01,-6.049355189657846799e-01
3.580561351043271001e-01,4.177431979679693819e-01,-2.306950650485233290e-01
1.509600263088695327e+00,-6.151596116193098762e-01,-2.469046322813869820e-01
1.355594650036839877e+00,-1.114098669487826321e+00,1.653128418956100187e+00
2.346010425492390250e-01,2.839483496696139087e-01,-4.636861202993212694e-01
-1.150278551708073665e-01,1.472744791136333109e-01,-3.938808335494637380e-01
2.380525385679112260e-01,-2.193186047822470286e+00,9.082755204599463061e-01
5.802236758642374120e-02,-5.689381190169721103e-01,7.414351114013103539e-01
6.944400954820985350e-02,-2.526858459420838754e-01,6.364150900211223982e-01
5.063932417886450876e-01,-5.584412090752136626e-01,-2.077491842859326088e+00
-1.017979789676096480e+00,2.130112973543068389e+00,-1.265878845603426672e+00
1.720764459474653396e+00,-3.633683856438079118e-01,2.374054423557981242e+00
-1.107040893068636844e+00,-1.225223323906791562e+00,1.323025723691901190e+00
7.820429866431298782e-01,-1.353520572931139254e+00,1.272671782732381462e+00
-6.323464067956536816e-01,-1.024015250704989999e+00,1.236886109904835607e-01
-7.920282294463989459e-01,1.274226215714783894e+00,5.296730551416519717e-01
1.888049704073386348e+00,-1.352320372282439856e-02,-3.559370477311936121e-01
4.534729613796598113e-01,4.359657678852937313e-01,-5.696674693978801551e-01
1.817376701818980145e+00,-2.822256323322794858e-01,3.902514277369657503e-01
1.741367257622418618e+00,-1.721357312078636959e+00,-1.874427465737195375e-02
2.433272694650006063e+00,-9.613037075225965289e-01,-1.372810513897844364e+00
1.057654215424647243e-01,-7.055408718769204945e-01,-4.101582364206799586e-02
4.714711170996385703e-01,8.623535694272441154e-02,3.385060462476232046e-01
1.034677606784830950e-01,-5.460185327959715673e-01,-1.214065394059988812e+00
-3.208164226221095761e-01,-1.471438575618314593e-01,7.672800797025240982e-01
2.171984034084332826e+00,-1.405532598066462135e+00,1.140874125904081993e+00
4.601173581349644187e-02,2.269230202163233567e+00,8.240765500404588773e-01
-3.839481775380482187e-01,-4.280841242773011229e-02,-1.806929863767825495e+00
-1.255185489758498807e-01,-1.617028580590895270e+00,-6.679689744750975100e-01
-3.153809064588053879e+00,1.378069465687633000e-01,-1.830428235922969549e+00
1.610286798061213442e+00,2.071850149347120584e-01,6.169663846194405332e-01
-1.630856542979857604e+00,-1.005359584082258007e+00,-4.169705037330398434e-01
-1.026398334172551469e-01,-6.736444724652007610e-02,-1.237885858009368345e+00
-7.878773442902296809e-02,-1.205451897002486117e+00,-5.592837526006171345e-01
9.575224333525746145e-02,5.228954069538720856e-02,1.524859610430167045e-01
-9.020269575627299918e-01,-4.028288556197456849e-02,1.108493345184808687e+00
-1.335918344192035256e+00,-7.068667662455777601e-01,1.887147519227761361e+00
-1.693777481749432767e-01,-1.023190072710885135e+00,-1.244570358782454367e+00
7.549147472293052941e-01,3.426663698907312372e-01,8.529952887377900694e-01
5.462579699667410305e-01,5.190171464294746073e-01,-2.428687540201738049e+00
1.071878090880961976e+00,-4.790202812630851570e-01,-2.185562536250275079e-01
-1.995380991194657542e-04,-3.884409691894007421e-01,7.247318378806363315e-01
5.013814979642191583e-01,-1.932275543747551949e-01,-2.881179873439133621e-01
-1.111542563348876245e+00,-1.308874166974844044e+00,-4.894088146284398810e-01
-8.138810936254849970e-01,-1.014279067234558296e+00,-1.614792993152314171e+00
2.577834943961740399e-01,-1.668416213285217831e+00,1.001977844527796480e+00
4.899018092812060798e-01,3.530571734061760947e-01,4.597558730950227490e-01
-1.005970342170284804e+00,-1.047805342216883220e-02,7.362078440424116854e-01
2.075518128829313136e-01,5.409629799438557818e-01,-9.274292836595221523e-01
8.248929451761021214e-01,1.896241178543096817e+00,-2.158534104542026155e-01
2.572735557503381676e-01,7.315840597335155904e-01,-5.041867204854978413e-01
-7.913035224804481071e-01,-9.050683516387115768e-01,-1.916596694780509647e-01
-2.669854784608803877e-01,-1.933065742859351732e-01,3.939833824988788202e-01
-7.368426886201920878e-01,-1.918184907816550711e+00,-1.837089899572352580e+00
8.691508663460374429e-01,1.282452286132239161e+00,-1.534306626475787638e-01
-1.053080496052237747e-01,5.692514733576105046e-01,-7.297618756896485648e-01
2.566295066870933894e-01,-7.254424791000058104e-01,1.514655063494231957e+00
-3.339734111246073223e-01,-7.317297283375278072e-01,1.016520099903337471e+00
2.040298569271684070e-01,4.414561229159143230e-02,-3.930845526446775096e-01
6.940597631275509105e-01,-1.803032155783713453e+00,-1.519787109789512591e+00
5.636071676727997248e-01,-2.617341250504731764e+00,-4.235187765801545767e-01
6.324399712526132533e-02,9.223346528520640630e-01,1.653784389085220241e-01
-3.377200459620292861e-02,1.859622197221641182e-01,2.306856394769805571e-02
-7.491933302106278392e-01,3.337395710932807291e-01,2.476533672829508981e-01
-1.412208196114232095e+00,5.741044388630175410e-01,-9.358920162165214052e-01
8.983586253104610675e-01,-1.092889275243889902e+00,6.490587664648774791e-01
-1.340212893405054118e+00,-1.628983863619987982e-01,-1.269317087099642860e+00
-7.505265650190324767e-01,-6.048832156966843510e-01,-9.700450084561447195e-01
-4.574178759445928812e-03,3.361127310312188032e-01,-4.265335306885089661e-01
5.631115299560605081e-01,-4.253498993828841446e-01,9.261443405720725108e-01
-9.548657514523716250e-01,3.825760683455675659e-01,-1.193413624169824550e-01
6.788862104848413237e-01,-3.584322591279410219e-01,-7.125072302289807702e-01
3.364126962221634098e-01,-1.949861303442131932e-01,1.294052255408781216e+00
1.345784860092788415e+00,2.106694818939677527e-01,-1.466291152579538348e+00
1.041148622515120747e+00,1.511816101208573571e+00,2.231409933101763665e-01
-6.407256901434230656e-01,-3.574663055833518510e-01,1.403513864683195500e+00
1.402678864217510313e+00,-1.934597144348358944e+00,-1.027763679461255242e+00
-1.156856871856103419e+00,-1.795744839286485539e-01,-6.946911829057655918e-01
7.191116059164470720e-01,-9.399344057232614791e-01,-1.421676746647165146e+00
8.487248235086326809e-02,6.896088216462971099e-01,1.610077258894309915e-01
4.502473195529560317e-03,7.765919171892410322e-01,-3.245334520306635828e-01
-2.537995329480166595e-01,4.779978494470773498e-01,1.723200168620260930e+00
-4.087147824827627729e-01,2.092702527676897628e-01,-1.354528972049968694e+00
-6.496447023078797400e-01,-1.761587787935224636e+00,-8.323506512129782431e-01
4.249759804436039068e-01,1.303456753699956616e+00,-2.860359714922379726e-01
-2.278891046403120679e+00,3.695511880033686396e-03,-4.868870773601533530e-01
3.654966117430176631e+00,1.680037875555882465e+00,-4.328647994230905294e-01
8.992994768957530693e-01,-1.076843122405338526e+00,2.315433762533286033e-01
-6.788680168689242844e-01,5.150652726600123410e-01,-1.252508296719693881e+00
-4.995688601558712083e-01,-1.409785208504721776e+00,4.371736548859115890e-01
-7.513600175904352474e-01,-9.088229459499418128e-02,6.168985582367796788e-02
1.001512179747920284e+00,3.148702378290068049e-01,-4.174946024088301844e-01
-1.794535044339134133e+00,-1.511409765066983324e+00,-3.514250302481561339e-01
5.886628818388405238e-01,1.951482909304659286e+00,-3.198077835099969457e-01
8.882928614550189561e-01,2.058809830978088895e-01,1.879650708498991518e+00
3.353174699854458152e-01,2.824486813255674272e-02,8.429354821347896654e-02
8.917134571844386182e-01,1.673314867086961977e+00,4.010781090312806052e-01
1.786274138953046542e+00,1.885114333712589740e+00,-1.762529347923618595e+00
3.495069886669279202e-01,-2.910192409642662834e-02,-1.026507440253277226e+00
4.606988410345773666e-01,-7.764258170326210351e-01,1.454420607544268274e+00
7.647259080598917125e-01,1.818311018640787813e+00,1.559671703138532317e+00
1.954607092500318721e+00,-8.623856887929441939e-01,-5.749922213360787460e-01
4.596310829966925721e-02,1.070577057457457043e-01,1.038536677223333093e+00
8.239113680915622906e-01,-2.387122016511361799e+00,-1.673963060986018714e-01
-2.658383643611831326e-01,-1.418316654645457531e+00,-7.744969504302922081e-01
-1.218622424470388044e+00,-4.985126224971124786e-01,-8.725312164271066262e-01
-8.032576139702766183e-01,2.833572644028155563e-01,-1.025057478953220746e+00
-7.177731046785309488e-01,8.415443066355763335e-01,7.436886416239878450e-01
-8.067792584207496009e-01,-3.791184791430786682e-01,1.083732739429417835e+00
-5.099547849479458828e-01,9.074790401885226565e-01,1.697020950413357931e-01
-2.305222398700107256e+00,7.155334766812503355e-01,-8.324972745768004223e-02
1.814368182947094565e+00,1.472474233450369097e+00,-2.391132589028689137e-01
2.569381947851276382e-01,5.452436000475805455e-01,-5.372052949540132571e-01
9.515289753381357407e-01,3.068798599180916908e-01,8.857025934628451891e-01
-3.362541360361721576e-01,-1.720455994563678370e+00,1.200204398396436556e+00
4.565370860173078582e-01,-9.847323981863910225e-01,-9.746884888242994815e-01
7.085832568455535663e-01,-6.350343016054571521e-01,-7.502370335002754853e-01
1.405994827641670886e-01,9.174701993560996360e-01,5.352176547957466779e-01
7.115150311290705520e-01,-1.078772524182003867e+00,9.570003813271514836e-01
-6.608312886134731778e-01,1.133632604681454215e+00,4.933385044581793388e-01
-7.631420309609695529e-01,6.553196349586176694e-01,-2.037246667539640566e+00
-3.390037580223699276e-01,-1.051820282669756246e+00,-7.952963884296544439e-01
-2.049202457500181485e+00,-1.328880973723213510e-02,-1.838675868140249303e+00
1.574035031111667982e+00,-6.338917299487227541e-02,-4.809627408581511609e-01
-3.612196369937752394e-01,-2.565316530467248057e+00,-7.708852187481441964e-01
-8.287668985913619890e-01,1.130409105683132021e+00,1.011885320271402211e+00
-1.331065380479010241e+00,1.731678253258486011e+00,-3.148210562457733341e-01
4.671048258521247609e-01,-1.764752123050582489e+00,1.595217597932800269e+00
-9.642953893925357844e-01,-2.103361703459198484e+00,2.171197139842092338e-01
-2.558230899032327699e-01,-2.231596785580925169e-01,1.168278596928887074e-02
1.086773448618985505e+00,1.719574128444953942e+00,-3.769608903455635152e-01
-4.489357591512823098e-01,-1.616950325418466117e-01,-1.373089703070188961e+00
6.542821932791427209e-01,9.124645303637484162e-01,1.677539256715972149e+00
1.505462063418999019e+00,-2.641261033215545617e-01,-1.554986095272395674e-01
-1.581268135486960213e+00,4.628979495019206469e-01,1.560211380323628827e+00
-2.347678714838961622e-01,-3.793019650573890567e-01,-1.129121233558683768e+00
8.880442460500483914e-01,-2.148048926289680416e-01,-2.712572363793057217e+00
1.612370115569669915e+00,1.555441230488275428e+00,-2.002498235671913152e-01
-1.512396364444475727e-01,9.718689229365513604e-01,4.834594151958026864e-05
-1.379525727641699451e-01,-1.906754375290782066e+00,2.707512744121345905e-01
-1.167107465392556165e+00,-1.508848007619685960e+00,-3.341940625949280097e-01
1.543990248422254075e+00,-4.412352828309721309e-01,9.254258265027708041e-02
4.578094997145869538e-01,-4.391662403271367476e-01,2.020904227562836664e-01
-1.466841858318100655e+00,1.478875507237571219e+00,-3.799783048861884449e-01
1.402011547397009616e-01,1.337556857664126408e-01,-5.901484164131824972e-01
-1.068688584251049623e+00,-1.057476996675833281e+00,-1.107359583038760809e+00
-2.292023603868861503e+00,-7.684312742244607808e-01,1.252750750084467013e+00
1.724616663082989554e-01,-4.408799873232517319e-01,1.238734511040599395e+00
-1.248151510764837990e+00,-4.089192602839324397e-01,-9.413474162475608809e-02
1.283166475745144863e+00,9.594783120255413744e-02,-1.038874457204948198e+00
-1.720532932781149382e+00,-1.491421835047036959e+00,7.270498522699820887e-01
-1.046934114604697985e+00,1.931311296090832963e-01,-1.107948964141562964e-01
3.060677603774136224e-01,1.053709603462742450e+00,1.246542142213058701e+00
2.109707675171195174e+00,-5.419570475683593846e-02,8.472675810904513327e-02
1.053604984980948345e+00,6.557302586220090657e-01,-1.032286448768464204e+00
-1.561634869268438974e+00,-3.734526021869916668e-01,-8.167537049382279646e-01
-5.522877882382558612e-01,-1.096299950114815847e+00,1.881388313285834724e-01
-9.595487864925550392e-01,1.714153507742424698e-01,9.611102259647150703e-01
7.840234416393474515e-01,1.875234602198481149e-01,3.297829389983091691e-02
-7.944722116729057149e-01,2.510900348664842352e-01,5.974600031424293078e-01
-2.856394885191939070e-01,-1.123562942531731057e+00,2.193211366411691454e+00
7.757713517831777983e-01,1.382598201951812822e+00,-7.135889140218364401e-01
-1.360015912598446786e+00,1.233710659131908471e+00,-1.030401309861892711e+00
-5.085412668773329203e-01,1.710992922859894405e-01,1.899474940053510919e+00
1.703237173798390625e-01,8.995017794750422013e-02,1.749952607235060853e+00
2.245247264383544994e-01,-6.284095765821245960e-01,5.028050183348753421e-01
8.950317175846850271e-01,-1.136598452788788238e+00,1.389679906222778705e+00
4.446770713875934922e-01,2.751786653151246376e-01,-2.532595059568475415e-01
-6.519338886126998522e-01,2.472057940051409108e+00,-1.570158784693895582e+00
-1.366121586336742633e+00,4.247755860137947259e-01,1.184046446339925618e+00
1.154232007099873725e+00,-9.707080976437924003e-01,-1.675888698052193371e-01
-5.988280452211250937e-01,-4.321556284469425802e-02,2.393289281239179556e-01
1.713202987281188527e-01,5.811600830318459643e-01,-6.437492906061983988e-02
-1.716674944597589736e+00,3.415144570351166808e-01,5.942452001589271227e-01
-7.461257686051857296e-02,7.350704673763151786e-02,1.210442971676257695e+00
-2.433487524008447894e-02,-3.065032945900926786e-01,-1.025641874716375357e+00
9.016808585258588582e-02,9.654031815831718433e-01,-3.042884657049184094e-01
-4.096941048183457279e-01,-1.283607173698259718e+00,1.288564593218007315e-01
1.306707749353320513e-01,2.569248730227408073e-01,9.358027659341628945e-01
-3.068578110059677622e-01,-1.558686323691020226e+00,1.650254360538309761e+00
1.414586878214408205e+00,4.298083658007211261e-01,-7.306725032532702668e-01
-2.233399756777056044e+00,1.851264353983231192e+00,-1.524793955926829862e-02
-9.362642172669718987e-02,1.324971396197784701e+00,-1.013433255732752114e+00
-1.298789164085079051e+00,8.807096797427005352e-01,1.771431060792298284e+00
-3.672051331668368390e-01,2.286685464954699848e-02,-1.467887378038555291e+00
-1.451555838757029759e+00,9.607302522559999503e-01,1.818460680516847672e-01
1.045462568627183897e+00,-8.854765859565946196e-01,-1.559407498819018523e+00
-3.578329555512689275e-01,-9.064166738533675494e-01,1.620095953998477445e-01
-7.351239930823577629e-02,7.091436983540253536e-01,-1.337775168164642148e+00
5.053992443924699707e-01,-7.014927729430758818e-01,-2.129128619112341247e-01
1.753845176825472307e-01,4.860705085660135816e-01,2.165030274485734985e-01
3.362036525667956299e-01,-1.441243515731343572e-01,-3.739209266581691032e-02
-5.777192348119702947e-01,8.960928639101061188e-01,-3.538588408954868592e-01
-1.137302626534828942e+00,1.552901453547123944e+00,-5.941985913908437444e-01
2.299893318643287943e-01,-1.221186936493191544e+00,-1.622238121762928476e+00
1.497740470985416295e+00,2.035484122967472775e-01,-8.497419898295838214e-01
-8.190395415852951277e-01,1.254299548673109221e+00,1.336616819135023615e+00
-5.204120628351974753e-01,1.837458329242865618e-01,-1.548236428707392420e+00
5.578292865451905946e-01,-1.170115229884493901e+00,2.655342283813888829e-03
9.212309727066751996e-01,-1.040286337085452706e+00,4.693223911007519122e-01
-7.964818665425623667e-01,1.293328332417478799e-01,-4.943631427142887169e-01
-2.826951409544412042e-01,-2.947657152210881870e-01,-1.478899783663601974e-01
1.321233692325394671e+00,-1.240334385108669002e+00,3.097953476370321479e-01
-4.753397368196449202e-01,-1.493736774381281551e-01,-9.189873656906967225e-01
