-1.598677469424395037e+00,-2.664712813764718469e+00,5.774864423957187798e-01
-1.891064412184220389e+00,1.243256852941598378e+00,3.507448989769424430e-01
1.873260429511146352e+00,4.563619497172985429e-02,6.821993685249090333e-01
-7.278062759641469315e-01,-5.277522298908758902e-01,-2.986296974782264857e-01
3.526078816401856941e-01,1.665859098343696720e+00,-1.182751355864226417e+00
-7.607673412503846988e-01,3.588345572936388339e-01,1.744337893438620557e-01
2.442417302564253365e-02,5.578845182657505841e-01,1.737133272842950604e-01
1.087479849526608255e+00,-1.807454746446867933e-01,1.001143881517755796e+00
7.961606518220505357e-01,4.688025164105811271e-01,8.707212361854017590e-01
5.760265474863174306e-01,-1.203309965913956336e+00,1.940877881357472856e-01
-6.218501632869415374e-01,6.135951454841839098e-02,-4.904371252444500451e-01
7.145524110875056678e-01,-2.463712822234734590e-01,4.061226225418005931e-01
-1.224915737202687982e+00,8.472572023788345064e-01,-2.686737307034051003e+00
4.586540339945852085e-01,3.929303946156535443e-01,-6.514552570109428675e-01
1.438888342962626687e+00,9.130975867045465488e-02,1.169049552203287989e+00
-7.704864127935200091e-02,-2.201070812862649273e+00,-2.042511530610726933e-01
-1.660646066396085363e+00,-8.337657588810006015e-02,4.426832866658420712e-02
-5.197545048375856735e-01,-1.074318283079779501e+00,9.206078257464116177e-02
2.046065019465316936e+00,-8.171337054456800919e-01,-1.104308764543761139e-02
4.134386719550124378e-01,5.642053588340315562e-01,-9.591486975592882214e-01
1.160202746527969619e+00,-1.458201607301607305e+00,5.608990372380617817e-01
1.120372790900341364e+00,2.557890867114172018e+00,4.318950259874520525e-01
-4.075483275304837144e-02,1.418728942409278160e+00,-6.006449195094793608e-02
-5.851914323295634990e-01,1.817085244643700526e-01,-1.556356208400541341e+00
3.902801438926277733e-01,9.815142716113079979e-01,4.350336359251203988e-01
1.874662162563008438e+00,-4.682727987185048013e-01,5.818661537921375748e-01
2.643089214023419328e-02,-7.662204694071160782e-01,-6.874524226427074503e-01
-1.374613290742075222e-01,-6.577860136266225899e-01,1.177443076836907299e+00
7.208227254835927189e-01,-9.066884565806064833e-01,-6.223635789206947155e-01
-2.079141990729647116e+00,1.845189387242618384e-01,-1.125202426624282825e+00
1.386584170897630530e+00,-1.260920351064138620e-02,-2.360966331501879178e+00
-1.823976818081622930e+00,6.200842208314334414e-01,-5.285408951071082218e-01
-1.420404979823572278e+00,-1.263217107934873629e-01,-1.486839158729167942e-01
1.324195297880287614e-01,-8.729426554383371561e-01,-7.631010135735321054e-01
-3.741943528580689571e-01,-4.151737909021943063e-01,7.570668558566502337e-01
-2.078701713464988554e+00,1.484721670995741372e+00,-3.699147506238665284e-01
-6.010842511527230148e-01,-4.392485341709028712e-01,1.195794944982468549e-01
-5.168063807656834152e-01,1.193862586425775918e+00,-1.009105982948012015e+00
-1.171666138040359018e+00,7.098340867745407401e-01,6.422813212875475575e-01
1.746466089497122676e+00,2.082033974028526746e+00,1.432818445922337203e+00
2.091725086913374665e-01,-8.178927963886548635e-01,-5.844466674819254193e-01
1.209336796323021046e+00,-1.009831220719278111e+00,-9.600914031788297942e-01
1.618323212010567835e-01,-4.863792706228502460e-01,1.179315906731621455e+00
3.894040770461807410e-01,-4.530890702094679534e-02,1.040007964994263401e-01
3.835850107868580827e-01,6.602334011421195914e-02,-1.075758342034538906e+00
1.271580650710691041e+00,2.042134849564025245e+00,-1.321145729139687086e+00
-2.921161678036865994e-01,1.752878403789773221e-01,-3.275374992992078904e-01
-3.181759661905441683e-01,-1.173275249277028864e+00,-2.308293038489754423e+00
2.232539027665035591e-01,2.164412984921040728e+00,-1.208400124150605104e-01
6.642588493286140094e-01,-2.715101893907776898e+00,4.840464033058715643e-01
4.845779723440960529e-01,6.179052382483195965e-02,8.636822699546048421e-02
1.200427273154219820e+00,-8.556211216778704387e-02,9.005130307274337165e-01
-9.181520375121402511e-01,1.069416667972400425e+00,-5.205644571796541609e-01
1.055458078172544889e+00,1.031159018657852762e-02,-4.226266535362824817e-01
-1.956346324003711334e+00,-1.030114969513629575e+00,-5.548772336531422322e-01
4.551397116919398411e-01,-3.145936392734627884e-01,-5.202312325902678225e-01
-3.530227883984586590e-02,2.352179430106362823e-01,-6.673597610343841025e-01
-1.517032014616471747e+00,-1.435149150646856775e+00,4.879024400162461084e-01
5.787197362107100451e-01,5.309193405160645973e-01,5.301293566466531715e-01
-1.017945794273847238e+00,-7.056797365977776626e-02,-1.245723800230023937e+00
9.277181528532255639e-01,1.791471797922842002e-01,1.253093588896377342e-01
-1.246725632595109268e+00,-1.454124563343805576e+00,-2.003080057632034006e+00
5.844902222236330047e-01,3.653186748119514604e-01,-4.789349140301666363e-01
-1.631215006775285969e+00,-1.416289635271524183e+00,1.097590280012919139e+00
8.707476718321882636e-01,1.620368944312903459e+00,-8.704986352587714693e-01
-4.325192357543884009e-02,1.520837855787737503e-01,7.405260596601748180e-01
-4.509963735788722894e-01,1.339952026734676283e+00,-6.505588873981363873e-01
1.420765154415452480e+00,-1.018112486881399770e+00,-2.436655570255298109e+00
1.440288143230795237e+00,6.119528829214216925e-01,-3.448959627622170565e+00
-4.788787823297815383e-01,-1.123481381496397091e+00,6.161390287928062426e-01
-9.265253449463289881e-01,8.300504467975877709e-01,-1.388777959791997751e-01
-2.150921725382789473e-01,1.395420182639909079e+00,-7.836852655397398282e-01
6.443742664972439416e-01,8.657750330256362981e-01,2.052377416641731678e+00
-4.199155024770458433e-01,1.007661756067459891e+00,7.650184675270630397e-01
1.588044858525460956e+00,4.134698261020668120e-02,-1.932866930130161753e+00
-2.519219371890223380e-01,-1.237620692166410574e+00,1.965144796910863967e+00
2.511281860437227231e-01,-1.315134961359034405e+00,-1.177982489892090756e+00
8.574592880412359452e-01,8.292556260699823767e-02,-1.497880220379111671e-01
8.257022252502316251e-01,-1.447784760259335224e+00,1.270544540494969565e+00
-7.440243923192215725e-01,-4.597427828987563636e-01,2.604050094167091878e-01
-5.714434612967511651e-01,5.941513945856705670e-01,-6.705246203057357857e-01
-1.374647039297396678e-01,2.449206224095119566e+00,4.540390341088400561e-01
-1.523518317367042352e+00,2.039817439495562379e+00,-5.050850616600345289e-01
2.160876110993759092e+00,-6.007875626645584610e-01,-9.578538141256949245e-01
-1.264368759421640620e+00,2.148605262497783608e-01,1.666910765277763495e+00
-1.181492622771226797e+00,1.496957189750945938e+00,5.125621881545464609e-01
-1.271025253699038238e-01,3.948438538039663603e-01,1.217518441997613943e+00
-6.260239145370961600e-01,2.319437219831186336e+00,-1.682993080012676890e+00
4.620574627487193942e-01,4.473293078240216936e-01,-4.032037520904387939e-01
1.273720153958229906e+00,2.193910789132746064e+00,1.107769824764968769e+00
1.034052944524399414e-01,5.393968896575231931e-01,-8.843706210418146307e-01
-2.588002620799268599e-02,-9.506191103389515229e-01,-1.030778278833438311e+00
-1.816874009943804935e-01,-9.908196158479193327e-01,-1.515711715334797205e+00
5.251280593269722942e-03,-4.930047571220308456e-01,-6.906045371352012019e-01
5.609676094282211450e-02,1.143058483592329422e+00,2.900632268456109775e-01
-7.757436222177549467e-01,4.204109520572854586e-01,9.197061353182869325e-01
-5.568741647625669033e-01,1.505135555757856514e+00,1.028124248679075592e+00
-9.035846350001670579e-01,-4.340647081781724981e-01,-1.149122719363084411e+00
5.772566234812638308e-01,-1.903385076208409799e-01,1.029610244190595880e+00
2.294719022584643109e-01,5.863801427105436170e-01,-3.318942885437659029e-01
1.146628840701843011e+00,1.847042948221137015e+00,1.130238302848187271e+00
-3.404730090150825950e-01,3.218764290123094507e-01,1.616776313788756747e+00
-4.462618811932191065e-02,1.546930527217084961e-01,5.847160442895223964e-01
-1.504762373769510164e+00,-1.743096451865130847e+00,9.790535187120829042e-01
1.513007453895845567e+00,1.546526045076282441e-01,7.302409694770484183e-01
1.126239779471307711e+00,-6.507800763612474684e-03,3.205921689563450139e-01
5.343708095648966871e-01,8.370429006880819589e-01,1.110077596041306736e+00
-1.924400442640650466e+00,-7.463695494267752473e-01,2.547981237377867636e-01
-1.608086417434083648e-01,-8.501992130462308894e-02,-6.007997038971658599e-01
1.005153893339723936e+00,-5.384040327696408834e-01,1.562647955714533132e-01
-5.963280971033815270e-01,1.073849581653049556e+00,-1.124193182204773045e+00
-6.009165777957381493e-01,-2.341996998291779875e-01,-1.216400124849775555e+00
3.723782120073081958e-01,-1.749701470504192002e+00,9.496035868417493919e-01
1.219579751677080104e+00,-2.099794098249348762e-01,7.326309323905667581e-01
-1.924387124627404466e+00,4.891229506870736210e-01,7.116450799497671120e-01
3.014844859213903216e-01,5.341817023387684590e-03,-3.153871711994614024e+00
-2.358122212235759463e+00,2.244421685821167411e-01,6.506019028908349711e-01
-2.238243343980041711e-01,-1.251196499966021225e+00,2.738394390981885307e-01
8.702371390488513603e-01,1.368267929877835076e+00,1.131833849648655743e+00
2.205331059225864365e+00,1.584613768414289137e+00,-8.688665214258590730e-01
-1.749738560161948620e+00,6.561062533703618804e-01,1.430677731132382613e+00
-6.632181776363267334e-01,-2.132135073777834677e-01,-2.529982846851870915e-01
1.907168168713823553e+00,-8.060612565100183646e-01,-1.112917601909084064e+00
8.127606833347637005e-01,-4.443525030533381770e-01,-9.387114406894457863e-01
1.283251064965274857e+00,-1.280615053454179364e+00,-6.590719250277881081e-01
-6.439097331142836778e-01,6.797304636735440608e-02,8.814002740762735266e-01
2.636170459514767389e-02,-1.417779250522249512e+00,-9.051245453611994618e-01
-4.616129126723913512e-01,2.998934506349560380e-01,-2.172065495936174873e-01
-1.959617490031319909e+00,-8.046915788060688968e-01,-4.983552862238250780e-01
2.413002329018023584e-01,7.877475101705114779e-01,1.637921668598047553e+00
3.179468989786110589e-01,-3.505484621502423237e-01,-1.228766189291379540e-01
-1.671549906168481536e+00,-1.239160630203562513e-01,-6.826176849364231636e-01
-3.445651031743512394e-01,3.745101288474523837e-01,1.381274307359190656e+00
5.905278107928353393e-01,-2.041427308605921809e+00,1.475819094473400095e-01
-9.570087254422586509e-02,-7.935261188383678499e-02,-5.916730356155783799e-01
-1.129391708057810723e-02,1.559287466418324497e+00,2.909113997293110709e-01
5.854730276335056161e-01,-1.847512395750583458e+00,-1.253172616196681632e-01
1.049293830432111108e+00,5.732455348334032363e-01,2.851062798623576477e-01
-1.447402714063865448e+00,3.581033517951146550e-01,-5.172635001075457373e-01
2.216282192069158608e-01,1.852975494056537942e-01,-8.986264192633867109e-01
2.083091251982486902e+00,-3.062221522349832803e-01,-4.813408255148304837e-02
-1.486423054745249717e+00,-7.770794762042316783e-01,-5.621154246757317230e-01
9.343611002634445439e-01,6.297069515700882691e-01,-1.429789564571249727e+00
7.206881981936202886e-01,9.676000546853980033e-01,1.475629395361666818e+00
-7.794619121606852774e-01,-6.427335753459743062e-01,-1.560473171476562726e+00
2.990658992306365893e-01,-1.371283745587246194e+00,-7.790796212236330565e-01
2.762272758273925377e-01,8.429299418459234028e-01,4.963163231496351552e-02
1.498106327305454677e+00,-1.501408761011558513e+00,-1.186061285115356467e+00
2.210087923532595422e+00,3.043581621110443836e-01,-8.990930297021164641e-01
6.129171024155377623e-01,-8.628365290366628582e-01,1.135300157729304926e+00
-1.832780377039671782e+00,-9.832974517844422779e-01,-2.169496835690865044e-02
-2.768122034300684042e-01,-1.100378860643406398e+00,5.861117271473329504e-01
1.413034811185711614e+00,-5.465579217017416669e-01,9.198019052738045653e-01
-1.509451534553306828e+00,1.762104345714980425e-01,-1.402134219291748085e+00
5.753716376266637678e-01,2.694460555499335053e-01,-1.838463368227384764e+00
1.784990766364397796e+00,1.335926291068823657e+00,1.460634187206097112e-01
3.693922915661543294e-01,1.354250869417029435e+00,-3.359271583374395242e-01
6.717906019305097676e-01,-3.490490762653791768e-01,-1.869928274829988135e+00
1.274755564696604671e+00,-1.274813163074385303e+00,-4.576433999992556845e-01
-6.646690487005577630e-01,1.346398757749024122e-01,1.485678036255221046e-02
1.015441393765486700e+00,9.179439986558246556e-01,-7.505909745623945417e-01
-1.986552601733361900e+00,7.309614501073025128e-01,1.563815924636943189e-01
1.263954189682841900e+00,1.364474130732618695e+00,2.138172565889154830e-01
-9.718738984441810391e-01,4.041515274320124362e-01,-1.049919462083153121e+00
1.145148378513614507e+00,-6.874498615475518326e-01,-9.572998001051555850e-01
-8.506361897088878798e-01,-4.533610949952714964e-01,1.569089165034265043e-01
-5.373732846759481374e-01,-1.694903742514728862e+00,-5.685388489080693553e-02
-8.053800621272177995e-02,-2.639406981749525816e+00,-1.392165998996470533e+00
-5.534547312841872069e-01,-1.596156820141848787e+00,-8.456083012834423318e-01
2.937662234586083110e-01,8.816815036517942072e-01,-3.079537727759293908e-01
4.751989461983315843e-01,6.469945074454548362e-01,-5.800053583465316631e-01
-1.572978573362323385e+00,1.815747882042512362e+00,-2.184029377952870110e+00
3.388914126814079886e-01,-1.423831286061031598e+00,1.533277651661332230e+00
-4.731408335949189858e-01,1.227428904715388347e+00,-1.724872118970464552e+00
-6.248862127226268992e-01,-8.506496350120931194e-01,-2.544012051469993207e-01
-8.964542515296680669e-02,-8.679981054770774529e-01,4.703482767326232494e-01
-5.195337930992942610e-01,-3.563774683203574933e-01,1.625699686484544992e+00
-5.343946774526799892e-01,-1.793266811575498221e-01,-3.943308272836381495e-02
8.305028286944358129e-01,-6.168598633209876336e-01,-5.294091648998386912e-01
4.529368851790329109e-01,1.871569183323248953e-01,-1.350415652298103897e+00
-1.656776663653486192e+00,-9.985298225517265369e-02,5.469628842283328352e-01
1.017559440896561584e+00,1.212323233036677994e+00,2.383499139356916596e-01
5.580019971591159145e-01,-5.834595624110883172e-01,1.471854704212867127e-01
6.716496192575811541e-01,-5.606245752977108143e-01,1.110348722721444359e+00
2.137148379839318046e+00,4.608794426686552148e-01,1.559440097007331216e+00
5.486672578207127948e-01,6.328578080546446438e-01,5.585339649849913046e-01
-9.711384469636195060e-01,-4.115891210441171566e-01,8.087061290975952055e-01
-8.276182136284501167e-01,1.520627203345320533e+00,-1.551047079138480056e+00
-9.840552286464958609e-01,9.259343268111046577e-01,5.940997138734276373e-01
8.150959392485271904e-01,5.553459010679148017e-02,4.998559382173234922e-01
1.707865605717725055e+00,-4.711610011405939491e-01,5.421640740944287939e-01
5.261973789946230440e-01,6.520669532860501327e-01,1.870734236192030719e+00
-9.865628575373261988e-01,1.915038506512297886e-02,6.230354088720161387e-01
-1.206174226671044236e+00,5.863093806886615633e-01,2.142428898318895214e-01
-5.037449741602810782e-01,-2.993909169223961109e-01,1.266717069556736464e-01
-2.258291570374273138e-01,-1.315134658925464883e+00,6.249116803756118443e-01
-2.763064863309591113e-01,4.073892652684709681e-01,2.459206779112379060e+00
9.133448301303037642e-01,-4.194231457745784541e-01,-5.446966391846853606e-01
1.282440890212340090e+00,3.177436674651925030e-01,5.863503507843610407e-01
8.513512302390690012e-01,-1.749874629148536531e+00,2.773509340568354187e-01
2.151413902113377130e+00,-1.893000241396215477e-01,-3.901702045094435634e-01
-1.718780683134690790e+00,-4.279268379051006654e-01,6.517451594226039147e-01
-1.956630600620478944e-01,1.920800692112908659e-01,2.421470695608850310e+00
-1.670059506782460179e+00,3.642526627613754675e-01,-1.680309565075168710e-01
-6.792644413246697044e-02,-1.838346798739749266e+00,-4.397790400476417894e-01
1.792790408968365778e-01,-2.265948309074253264e-01,1.214753393454494290e+00
5.872843789165075323e-01,-2.983222701048258707e-01,2.284891637167789924e-01
3.359574473964391794e-01,2.192661141698153848e+00,2.677265585989813790e+00
2.610042910381485393e-02,-4.104336569062014273e-01,-2.897423208800491978e-01
1.520645696357020293e-01,-9.581652910549960378e-01,-1.159204139875381179e+00
1.420660980255068928e+00,1.181871452885637774e+00,1.246525778691183417e+00
1.450688882299039362e+00,-5.595246683038705982e-01,-4.504617658466344987e-02
-1.460097412515771464e-01,3.931356924965508787e-02,4.534658365644662625e-01
-8.689815789556025738e-01,9.460056499157702969e-01,1.242960889426614868e+00
1.715601866487447280e+00,-1.816160274817815612e+00,-4.195915635079647821e-01
1.585053153092622902e-01,1.235926153016751572e+00,-1.900218074694112635e+00
-3.191505175692547214e-01,9.537139800006781964e-01,-3.781078834312073811e-01
-1.189456814642087634e+00,-1.004021104211528348e+00,-6.003109116549795038e-02
-7.586743203130054125e-01,-1.640110793211499995e-01,1.143678658746720034e+00
-1.210339167006110994e+00,1.080220180982964573e+00,-7.743772203937547838e-01
1.776702617385680916e-02,-7.502975178637198983e-01,1.877047062653823262e-01
-1.009828365881647150e+00,6.579104573232836817e-01,-2.599982466834664052e+00
-7.048552901594887787e-01,-5.753389864261158060e-01,4.199588511355063503e-01
-1.236715114537819682e+00,2.336568214566231427e-01,5.465114348256602250e-01
6.260600651051750898e-01,7.622141432718511078e-01,5.564539365751575151e-01
1.406092741516550060e+00,3.596085279251842737e-01,2.166638376393979493e-01
-4.703193141079041184e-01,-7.506251464857427447e-01,5.249419162959714780e-02
-4.565960887824070391e-01,-9.047737684504488787e-01,-1.692140350427326634e-01
2.386050097702520634e-01,9.795441295823705818e-01,-7.330844542970533784e-01
-5.626064559615682192e-01,-2.576001501871611477e-01,-8.138190880171894959e-01
-8.538902777773274000e-01,-1.339255540960367696e+00,-1.104465852574412876e+00
-4.213731940881488836e-01,-1.260022925781212555e+00,-1.369350529396742955e+00
1.226266324006577424e+00,1.089214488092320743e-01,2.155634506223140345e+00
-7.011146237123573322e-01,-5.917033662823375506e-01,-1.431221069860121542e+00
5.334361954030961694e-01,2.245732494001896895e-01,1.274641046681747936e+00
-1.106285614593550237e+00,7.124881471310744452e-01,4.402062970045910739e-01
-1.192967858980369389e+00,1.142821556733829791e+00,3.992792905430827544e-01
-2.129654319379653549e-02,-1.554622452579004444e+00,3.857346360125647466e-01
-1.213201664914040911e+00,-1.115334910943771796e+00,-7.705106430054357025e-01
-1.585821050220127981e+00,5.121538621312242412e-02,-7.996733649004100775e-01
-2.233697478787573520e-01,1.249398163536613732e-01,-8.900402865283606468e-01
1.804347487262842664e+00,2.260326303140106408e+00,-8.560975771844271387e-01
-4.913671241739444584e-01,-4.297889332618294866e-01,9.834224648167274596e-01
1.550775235990249801e+00,-5.428195425812631925e-01,-7.704627542511246485e-01
-5.883406037165372915e-01,2.868310073734814392e-01,-1.856861316633703352e+00
1.379120506186284123e+00,4.859675534326250990e-01,-1.072695082509539599e+00
-2.418468475766304693e-01,6.037044118738964515e-01,6.681402697687049974e-01
-4.022439520992053819e-01,6.344598363140886432e-01,1.827942068412805821e+00
-1.205164803868874035e+00,-2.948361919222232119e-01,-3.900142343136691059e-01
9.799095249363504179e-01,-2.780540174227945083e-01,-2.897886371236027547e-01
-4.394552407531304716e-01,-4.396949722800606586e-01,-5.270739940756756781e-01
-9.827006850193854559e-01,6.168323406239811790e-01,-1.369095072426865123e+00
4.138841112739563011e-01,-4.065989688918594247e-01,6.350177185087578779e-01
-1.726569384308344612e-01,1.453561428932261146e+00,-2.793970772161718519e-01
1.211424564979413088e+00,1.839171511235576872e+00,1.150411804590124598e+00
5.663103417191011832e-03,1.117382911733525441e+00,-4.951192724450249050e-01
-7.289113809876661687e-01,-7.495922713844078711e-01,9.987878293211079062e-02
-1.855740284813209018e-01,9.033800000413377829e-01,6.811013023297682670e-03
-1.181684431878109731e-01,1.312493255312239926e+00,1.320536492577906174e+00
-1.366294953250049682e+00,7.251336618234650588e-01,-1.223274362608261390e+00
1.942081945261872333e-01,-4.293697984244838201e-02,-9.898749941297396715e-01
3.803045757074318134e-01,1.906260943543602038e-01,-1.767254309668803813e+00
1.832740470696351265e+00,-4.179878978007204871e-01,-8.254952651374983796e-01
3.467543256288582731e-02,1.630234147962926761e+00,3.944280113174885027e-01
-3.494594179612521279e-01,9.330865697176180529e-01,1.030967441279353247e+00
-1.753741999165531751e-01,1.956954654586464448e+00,-2.213960522092647265e-01
3.318610788606186635e-01,9.279295680071930619e-01,-2.175034951584282172e+00
5.396772208639036977e-02,9.204535663147275226e-01,2.135644622886699207e+00
1.345386583297835115e+00,9.370178770706333315e-01,-4.298634552113803631e-01
-1.529933422287686584e+00,-5.229189832995861063e-03,5.127458081660721811e-01
6.234531294131081536e-01,1.543948650209791218e+00,7.753076533453973074e-01
1.125736912060863126e+00,2.730700097980154895e-01,-1.123299637451214750e+00
-8.335635411233512926e-01,-5.552181724335263358e-01,-1.577344810608008574e+00
8.170587531553935579e-01,7.792973116764183306e-02,-1.813040253664597867e-01
-5.889453310407336550e-01,-1.452346444255063984e+00,2.377969484654584298e-01
9.790209564562987188e-01,-1.305289022074113126e-01,-4.302069674450568759e-01
2.151094067006901422e+00,1.331666553736523984e+00,-1.441692286109448773e+00
-1.166749592876445307e+00,-2.154241721979869018e-01,-1.596043504985408701e+00
-3.663025966139411005e-01,9.917580762494724311e-01,-3.253127227835534430e-01
1.354283159186989050e+00,-5.364974281730761074e-01,-2.077705336227237687e-01
1.073256328434826212e+00,8.826617933715946718e-02,-7.891209897373129001e-02
-1.217370679947762824e+00,-6.393740341129987570e-01,-4.864288883573558708e-01
1.395677097408079881e+00,-9.785604069727746879e-01,4.533602982871764442e-01
2.483324419476497583e-02,1.563179030714020312e+00,1.352133374621838469e+00
-3.065290804924333812e-01,-1.601772618992760785e-02,-1.479377758725444414e+00
1.273111903639325471e+00,9.378557613842177787e-01,7.429606747825862056e-01
1.867163811493079306e+00,1.486889723924489592e+00,-3.745695726120965574e-01
-1.268910083880443018e+00,-7.768512199321367939e-01,-1.463935855052814983e+00
1.361663016016671834e+00,8.393908942314006749e-01,-8.220146792157441151e-01
1.502975720032158069e+00,1.264551326518579932e+00,2.280275737093432120e+00
-4.473668137491006447e-01,-6.067009627914339287e-01,1.032896416648736437e+00
-1.182688044169008412e+00,-1.954835379064542855e-01,5.417524743664150488e-01
-5.044363066076375246e-02,-3.105216501887587688e-01,1.648896641117394701e-01
5.825458829659346804e-01,2.086659335903472134e-02,3.799654343987848293e-01
1.235879642936072553e+00,-9.649312049701377347e-01,5.920750074106315708e-01
2.994876903631504828e-01,-1.921915397038022277e+00,2.117680328280279189e-01
9.252013872769380143e-01,1.422182394564990293e+00,-2.030377142830586124e-01
-9.410591706493156572e-01,-6.642133133078109708e-01,-5.615309776669779457e-03
1.199867882497974492e+00,-2.018280733864397936e-01,2.896531312846725714e-01
-2.661374742656475778e+00,7.935388731816879204e-01,-4.176354545827751230e-01
7.756396803251451866e-01,-6.410108940329329874e-01,4.216232704993101432e-01
1.143840879078141359e+00,2.255613139040486270e-01,1.282065073618979367e+00
1.443692975827049474e-01,1.514215413278751532e+00,-1.962641208762469225e-01
-4.269401002235626019e-01,-3.698348423114319883e-01,-7.170558494503824765e-01
-1.318823429606094111e-01,-1.224540504604962221e+00,1.233355664210081359e+00
4.898247478133262445e-01,7.300540364199220589e-01,-1.552960651243548984e-01
2.483378743540792799e-01,2.530801580568201037e-01,6.940933623597890234e-01
1.337272638719669615e+00,-1.286718575655756425e+00,-6.726117404278880718e-01
9.995852345683463591e-01,3.501083334615298637e-01,-2.349188396459779005e-01
8.179327850294846325e-01,-2.987051796816664884e-01,-2.014822237512517433e-01
-2.450735761065567786e+00,-2.835248595623190426e-01,-2.340414268239069395e-01
-5.149899433094703438e-01,-6.734000288569441661e-01,-1.450161075156203988e-02
-3.533556434392575718e-01,-3.481042107450068812e+00,1.825636848088408870e+00
2.014857510405727303e-01,-1.855546300240288604e-01,1.424344545807511464e+00
-2.202395351194565087e+00,3.015001146322776049e-01,-5.089626917516588689e-01
-7.753060312835421408e-01,5.496706367552702810e-01,-7.537034051670272738e-01
-1.355989963269213838e+00,-1.134859274527028505e+00,2.052890698949449144e-01
-5.460525739176155247e-01,1.852288500731252285e-01,-1.229685605509105883e+00
-1.105449264727067060e+00,-1.827225692834614001e+00,-6.688755099016745476e-01
4.995288208715846778e-01,1.187702715047036062e+00,-6.369208210151497962e-01
1.130472231216720080e-01,9.979116240551406669e-01,5.645073909661198208e-02
1.805661443980738134e+00,-1.795544587650010460e+00,-4.713054747021999114e-01
-2.993947251189393866e-01,3.312996710874813733e-01,7.143701209446270406e-01
-1.422122877824185005e+00,6.430172101801918672e-01,-1.561441210046737416e+00
-4.321243836683392736e-01,6.184054687206492762e-01,1.496928358942080983e+00
-1.190263225010197878e+00,-8.207914873473661777e-01,1.610974128525239912e-01
-4.446198082908021099e-01,-3.929723871608191699e-01,-5.452972038568680846e-01
5.223965029267931826e-01,-1.114565075636645863e+00,-6.398155795015008085e-01
2.420722780140372246e-02,-3.824729744507034401e-01,2.041916218982511577e-01
5.462300053822556345e-01,7.695558234710864198e-01,1.087147197319302261e-01
-6.286986997565691127e-01,5.021629716118446440e-01,-7.091820141934671584e-01
1.229167163681441410e+00,1.454338719431395033e+00,1.612952168298445343e+00
9.557834620732327813e-02,1.228015033840238912e+00,1.352164468996042812e+00
-3.360182574997808702e-01,1.107801436852553945e+00,8.190156829497977076e-02
-4.357799921255133269e-01,9.854957290491825894e-01,9.295967809461913589e-01
1.036939708745183486e+00,3.623439998924195965e-03,-9.802885033210401167e-02
1.249618772935994659e+00,-9.886315016800485689e-02,6.873091569247628818e-02
6.538181311534871920e-01,-7.190294863789179480e-01,7.397282199636173727e-01
-1.223615723776558667e-01,7.754894235471142538e-01,-5.009158548941973210e-01
3.846870231772489546e-01,5.697124576607577318e-01,8.037947237223374009e-01
1.199021762156731175e-01,2.171963611652110993e-01,-2.801253515549451567e+00
7.534395344922539817e-01,1.417386332557522222e+00,2.678193298681066370e+00
-1.382097647121296458e-01,-1.330519175252037334e+00,-1.931582540238272916e+00
2.979142670806195214e-01,1.224426641854202469e+00,-7.977656254802842906e-01
-5.548135649522341062e-01,-5.607088363419745480e-01,-1.201426521245559792e-01
7.135164081464028252e-01,8.716476833669808411e-01,-8.222248124751803111e-01
-1.819977426584143965e-01,-2.092253192744799040e-01,-6.490812816127382590e-01
8.147336675245446802e-01,-9.951264523986955712e-01,-2.243793574134444579e+00
1.093198015697597780e+00,-7.391518051412483414e-01,4.396353908861010407e-01
1.544861618911115508e+00,-4.703955898901713284e-01,1.189077022651410021e+00
7.991923464224518492e-01,-1.479109649471195498e+00,-6.534382842541838765e-02
1.311973708031274111e+00,1.331064822660540381e+00,-8.321576072020845372e-01
-1.042763727229532866e-02,7.238666175924332036e-01,-6.674139932351684790e-01
5.198588352135457002e-01,1.066424989538040213e+00,3.913742201014618893e-01
2.073258693493662097e+00,3.404806786525326756e-01,5.254696508907114039e-01
1.131296624888860514e+00,1.128812065474424475e+00,-7.303590904322837529e-01
1.529981105477873582e+00,5.604239242555010270e-01,1.286991861135069248e+00
2.892097024303144082e-01,8.139851523570843517e-01,3.654108243100797071e-01
-3.296810144793568265e-01,9.509319784104612872e-01,-1.907073729094685977e-01
-2.149979679580573400e-01,2.521974586137163410e+00,2.709662394847919820e-01
7.925688829308061845e-01,6.214781294656667177e-01,8.042878080341967495e-01
-9.500585687421063408e-02,9.164793511406148507e-01,-8.920803250291917119e-02
-5.590047345744437735e-01,-7.631204296111254726e-01,1.252360676441914178e+00
6.960432780590097845e-01,2.102607485326869197e-01,4.228764239520101387e-01
2.012192286800249530e-01,2.545820057430913178e-02,1.338253798484873691e+00
6.297012017997919431e-01,4.083677018319452068e-01,-1.620195147185016671e+00
4.415179580075275778e-01,-6.140304289129296933e-01,1.199493336133742316e-01
-1.295703951723419900e+00,4.656941654087707883e-01,-8.570677052329268575e-01
-6.175319781728556556e-01,-6.802779398595811822e-01,3.002038474374004173e-01
7.919980873469069371e-02,2.302278439752430128e-01,-1.721600908257047147e+00
2.412245697964752189e-01,1.019884472363040695e+00,-1.892057880137874237e+00
-6.660190959024086567e-03,-1.081932591686211254e+00,-5.717878242841640812e-01
4.639642534094862159e-02,1.105484324628458914e+00,-6.646552202732294301e-01
2.985334710866199170e+00,4.694479791055061746e-01,-5.064147466073730675e-01
2.525577098196857273e-01,-9.315783162713412446e-01,1.445586522787730699e+00
2.561179607330341668e-01,6.521131738590459914e-01,-1.418697570767016636e+00
6.479418693807713625e-01,-2.995906496186963586e-01,-1.368780321758582552e-01
3.202007332794288286e-01,-9.667646002176848441e-01,-1.123978984559790506e+00
-3.711038565639859232e-01,8.872421029871160325e-01,-1.392975988062111314e+00
8.631436795511514271e-02,-7.211153628652169356e-01,-3.148850145390845734e-01
1.477369204312854178e-01,-6.402971008846657375e-01,-2.206837180968550804e-01
2.290949781807371632e+00,-7.347804466605478702e-01,-5.968244778459528277e-01
7.415135896086114675e-01,-1.834544715199639331e-03,-9.194033887036870412e-02
8.366943582196267881e-01,1.361009641114956148e+00,7.823042187481620280e-01
1.512405086311033431e+00,1.969362251315697421e+00,1.001245222264952606e+00
4.198449509984437666e-01,-1.495353880333138763e+00,-9.319880182538887725e-01
5.853732375326287096e-01,2.070099610735135487e-01,5.576196857435399279e-01
6.955949026088634746e-01,9.378356710298262344e-01,2.676456906905660960e-01
-2.444039345771305272e-01,1.428754472694079292e+00,4.249962559365950687e-01
1.379712459099335653e-01,-7.022006945088333785e-01,8.834869518341154082e-01
-1.136476466740299118e+00,1.049805713153558306e+00,1.566271679397687189e+00
6.318003237118067217e-01,1.190741724757422793e+00,3.062992307458015095e-01
-1.020953129055050868e+00,4.240030100760296405e-01,-1.322283762651714545e+00
-6.752726387468406255e-01,-7.852255827497085436e-03,-6.693732318095115819e-01
-1.325558144077934597e-01,-4.807011500202321846e-02,5.237322184110050349e-01
-5.490765881126138392e-01,-1.211828388273882284e+00,8.768705524947346674e-01
1.661885674662112178e-01,2.602517865712263845e+00,-8.981665173962276594e-01
-1.801255698428265495e+00,-1.648907440099745214e+00,-1.277319508671779458e+00
4.176281245499042782e-01,1.003500261353932776e+00,-1.194566853084997327e+00
-7.123242954724205989e-01,-8.475207340769630449e-01,1.326914300930971624e+00
7.487052739507847887e-01,-8.986764029399227360e-02,9.807198553905431826e-01
1.548731588409078652e+00,5.974599354727699180e-02,-4.897498720084688673e-01
-1.070427744209072385e+00,5.565892472543191305e-01,-6.099580081337728776e-01
-2.179789839346396807e+00,1.651383943830362133e+00,-1.092847305799085511e+00
-4.019901556668786236e-01,2.868984869649234826e-01,-1.204432912367005226e+00
3.014627690037099850e+00,-2.724306873769253290e-01,3.710462790688385804e-01
1.308000284436581673e+00,1.530873934283842885e-01,7.817197591139820809e-03
7.381561713876803044e-01,7.077683524127223458e-02,8.423351137939659727e-01
-1.077603375015003362e+00,2.299333830657657729e-01,-2.412313144617590943e+00
-8.805816286805192572e-01,6.785577112367185970e-01,1.060040678984780049e+00
1.404577572875859992e-01,-8.087762564463248927e-01,3.232490317994232143e-01
1.331922731949913397e+00,-1.196624468873854985e+00,-9.343619970913807915e-01
-8.544245332123904246e-01,5.182266536148494307e-01,8.893754533203297452e-01
8.122555179545266624e-01,-8.865363939582954211e-01,1.311627212941792520e+00
2.718623463999869649e-01,4.329388203341870689e-01,1.665692950536939332e+00
6.809783090624554891e-01,-2.817697231654466838e-01,2.109297071569296578e-02
8.856831934025156672e-01,7.701421491169418987e-01,-2.071611577341040622e+00
6.019398627542286162e-01,-3.456139965033450112e-01,5.489545691966359886e-01
8.229162902015706438e-01,3.766639194906742927e-01,5.821434285039563949e-01
1.295984220034018808e+00,-1.665228855484606640e+00,-1.032607499086621999e-02
9.673417671445533328e-01,2.569456017623676994e-02,-8.020961443574986527e-01
3.747807722619815873e-01,1.142997937332094205e+00,-9.338213732608074968e-01
-1.633765632443340721e+00,-1.422721358201111785e+00,-1.288038422057662613e+00
5.818805536771621822e-01,1.694020745627187408e+00,1.102200294827426763e-01
-1.693520327172985729e+00,1.102366456178605958e+00,-1.453882776214158179e+00
-1.110152474317643023e-01,-1.522696598084442465e+00,6.701082375640395883e-01
-1.003418664780136027e-01,2.940434474006827781e-01,7.109143025214963441e-01
-9.476655839329084161e-03,2.105518489500760371e+00,8.409606294053387221e-02
8.177759207565958866e-01,-4.356612556656125901e-01,1.373101954935121771e+00
3.363229311201043625e-01,1.144923944918010195e+00,7.008048802253160625e-01
-1.615052390021620266e+00,-1.875317746088416948e+00,-3.355275457956248542e-02
9.624664804593245915e-01,-1.339706320522528582e+00,8.529976992344556752e-01
4.552589855883535375e-01,-4.021190189336736887e-01,-3.149802936968180145e-01
-2.616790397533974022e-01,-1.353748493429117461e-01,-3.538779677721092254e-01
6.715907526986661935e-01,6.353390210658332871e-01,-4.347378316685446831e-01
-8.311886014856462168e-01,1.479229656875895804e+00,-7.641329346497004460e-01
6.221798055614188305e-01,-1.534084986274943940e-01,4.897533268313046806e-01
-9.418758662912856128e-01,-4.027627509453184790e-02,7.121506710455652867e-01
-1.134040068182308403e+00,-3.694262921394574350e-01,-5.335980206882444676e-01
-8.147281268601950233e-01,8.045167577003998760e-01,1.201079692422093448e+00
1.461699385153516051e+00,3.686290422901725705e-01,3.472817660686835506e-01
1.372677985866318284e+00,-6.987649595914207090e-01,-6.928374475712214542e-01
-1.028836693631326016e+00,1.762785411498370314e+00,-8.392544431477387823e-01
-1.512514327406268233e+00,-1.494242957417635020e+00,1.002753422789100179e+00
-7.654960913837132175e-01,-2.931814982469343467e-01,-1.942726957553094103e+00
1.214117749551312103e-01,1.426794888709440379e+00,-2.809951868295526012e-01
1.002061556046805357e+00,-1.231801140028120578e+00,8.705283303215603785e-02
-1.457587501231042193e+00,-9.450509308115893903e-02,1.640447690488315846e+00
1.473468005985103080e+00,-9.978263711646603307e-01,-2.598494108662093849e-01
-1.441868650169128852e-01,3.470092089176246564e-01,6.368600443195278349e-02
-7.057488700416628680e-01,-1.676159333207331681e+00,-2.924630455456296296e-01
3.590517998699869762e-01,4.474313607756267852e-01,1.719845924764521472e+00
-7.007654004798342939e-02,8.766641507155349400e-01,1.361871070879621337e+00
-3.572849719384745826e-01,-1.071318607126124256e+00,1.541112646542984077e+00
-2.502701678025793797e-01,9.484348762360063079e-01,1.000114627471587969e+00
-1.426347911746528085e+00,-8.202880234805850490e-01,1.358720096664512433e-01
-5.011634219371842169e-01,3.170722466845165566e-01,-1.197173923973681386e+00
7.774961415181642632e-01,-6.340471878317785470e-02,-1.064102135197145804e+00
5.212738123996355499e-01,-4.200592771730433661e-01,-9.282015568515357140e-01
2.689828584809275669e-01,-6.861691869650817788e-01,-1.154703920470462997e+00
-3.848017089857127537e-01,-1.232941495965930306e-01,5.033005784210352607e-01
-9.949840272336596403e-01,-2.571113095554125594e-02,-6.532191799331915627e-01
5.927650637002354062e-01,3.410097802738075168e-01,6.962714588671479188e-01
3.653498764719406711e-01,8.835015429802279829e-01,1.577559400926895172e+00
-1.707484546832845007e+00,-1.835844064868432435e+00,-2.204954961735241803e-01
-3.905514853989262014e-01,2.686632513761159746e+00,-1.220700983342713819e+00
-2.228794563259525408e+00,-7.298679634835215646e-01,-1.632323742779938358e-01
2.525862534255031711e-01,4.137007729338204598e-02,3.456625189552516297e-01
3.215049472720672430e-01,3.819133539843970471e-02,-1.653299124969744016e-01
-2.290502290854817158e+00,-3.013890843273638875e+00,-3.504885284626718112e-01
-1.682895547338832121e-01,1.468363091529808262e+00,-1.180362220464648892e+00
-6.759632554013057515e-01,-1.472839853295905943e+00,-4.828294508530153184e-01
-1.325024931176456588e+00,-5.949621486505558554e-01,-2.823899110253310640e-01
-2.260738117123660906e+00,7.523761873637315745e-01,-1.364871805285780448e+00
9.091614365708126089e-01,-5.810647286317870419e-01,1.110383153806062229e+00
5.307011094058419198e-01,-2.883858228086748632e-01,1.366255599655253006e+00
-1.561036615428762930e+00,-4.916495542531055252e-01,-6.248674792892947583e-01
4.905955312285919523e-01,7.657282690389166646e-01,-1.351250678983980380e-01
-8.624610065627628941e-02,1.980168680268730164e+00,9.984107379952147920e-02
5.643143467929278012e-01,-1.756253094465843878e+00,1.330859501951838553e+00
-6.265246725595187416e-02,1.042202487620311979e+00,1.104287647524097027e+00
-3.600610726958334284e-01,-7.735605854881572041e-01,-6.819936352056218398e-01
6.800977048190711693e-01,4.919582220950151630e-01,2.608204615410818494e-01
-4.634129509318287710e-01,-1.209624054486657885e+00,-2.100364201348678128e-01
-1.056924828370525926e+00,-1.682104922540833103e+00,7.958967301651813722e-03
1.682989760534854717e+00,1.305898279859390332e+00,1.085407660791977591e+00
1.166401037998447521e+00,4.367620043522179030e-01,1.692187998401674776e+00
-8.300473992062943340e-01,6.715138462437210132e-01,1.892234539407951388e+00
2.457596539962124682e-01,1.093157326617551384e+00,-1.383244981713493416e-01
1.049506791560126384e+00,-3.839488378203397834e-01,-9.255836205309501130e-01
4.729873710238434170e-01,1.773098223477673485e-01,1.522498401611968415e-02
-1.498600111632993892e+00,7.680855509447682694e-01,4.466763308051007741e-01
-6.079015872639820239e-01,1.255689607570138477e-01,1.292625298741656881e+00
-1.473754610600142678e+00,-8.559876986075432015e-01,1.639917630344607469e+00
-2.790899138241785815e-01,-1.323082738106719780e-01,5.208178612594490664e-01
4.239452572089464910e-01,7.788812271694742773e-01,-1.423760473433905993e+00
-8.109715037375370139e-01,-3.638276054642492485e-01,1.262995199470372254e-01
-2.502835517544612157e-02,-3.115590031612885391e-01,-3.210137606304301894e-01
-2.754800357981426195e-01,-4.204029986627761950e-01,-2.361652707196098752e-02
-5.185797320155104417e-01,-1.873703998656488885e-03,5.573322089422305670e-01
-9.925597108364307697e-02,-1.613029815896719343e+00,-6.779030843972153608e-01
3.688914068610210997e-03,9.845671167534372215e-01,-4.852316831137241104e-01
9.065130347681087108e-02,1.266956325281612061e+00,2.885021022041055483e-01
-1.291656831438480424e+00,3.192256942405464759e-01,6.767311252186634096e-01
4.468230012050487532e-01,9.852043349343488909e-01,-3.583671377997130203e-01
2.010694162031038124e-01,-1.493351801590235839e+00,-8.845744695642636379e-02
-7.256815888158290040e-01,3.066754885128559205e-01,-1.554793678394203127e+00
-6.997705489869212592e-01,-3.651173175039410523e-01,2.829427594940502888e-01
5.365268996485013098e-01,1.918649313624952057e+00,-3.426094642980614946e-01
-9.429423618317115396e-01,8.721642842956893737e-01,-8.143549583966792627e-01
-1.325186058363883257e+00,6.499982702074477148e-01,4.133531856649072522e-02
5.216868789309137000e-01,1.605909923757343094e+00,1.230192367927301245e+00
-1.376171483362336259e-02,-1.160242118969155189e+00,5.169161756786326833e-01
-3.865226407569975486e-01,-1.673954780262646214e+00,8.221678277948109015e-01
3.785323517289039819e-01,1.642297905042384709e-01,1.311886520040197901e+00
1.804665913396287458e+00,9.517773267845058838e-01,-3.815239344606179972e-01
-2.312462914020602334e+00,1.772197718524871846e+00,2.856328965248746132e-01
7.310208514130979163e-01,3.080684389789705602e+00,-1.848698816370587805e-01
1.320176066106617530e+00,5.376554522085479348e-01,1.517724238342907928e+00
-2.080530751876118745e-01,-1.186687185310233428e+00,3.601106079045543473e-01
-1.580639269801572766e+00,6.342703203037638460e-01,-2.055229883459428919e+00
2.039174545484258250e+00,-1.929234519638302281e+00,-6.506863148766210969e-01
1.808993189156748560e+00,-1.719806995249475445e+00,-1.358385101858120114e+00
-7.314084788859279151e-02,-8.702128786066601895e-01,-6.096455908345295160e-01
-8.744764963238031985e-01,1.947983830795644092e-02,-2.442695212293116425e-01
-6.318136279765605989e-01,1.482935109736325807e-01,-1.494900386359712341e+00
1.323528827306346578e+00,-7.348474982080797080e-01,8.835210112066563259e-02
-5.484903547102800703e-01,-7.856203550663957147e-01,-2.878396612972734747e+00
-1.098017423799699799e+00,1.448689593052476576e+00,1.452743525522647294e+00
-9.948392608402250037e-01,-5.856169878945794993e-01,-2.751404571448424763e-01
-1.153916574964913622e+00,2.614648808942195313e+00,6.582667391720968819e-01
-2.134343392940102335e-01,5.375047505135936987e-01,2.452917159242565259e-01
-6.197428667988004181e-01,1.417851151275942856e-01,1.974763499118011412e+00
1.613609546378860504e-01,-9.349610589130115113e-01,1.299861578855506135e-02
8.378032927833599652e-01,-7.259494365114077530e-01,5.015508557587765592e-01
2.000469309165966436e+00,-4.658802562779456452e-02,1.087081296996985635e+00
-3.799401271931068802e-02,3.886517210411979950e-01,1.105455373487820303e+00
2.259866797402034777e-01,-1.301943285250159787e+00,-1.762829958484069648e+00
2.002251864952217186e+00,1.816516108012287134e-01,7.319124112405775984e-01
3.357144830690826365e-01,-2.233159854515529119e+00,1.798886277819782720e+00
-1.677889352893107977e-01,1.874464224883657382e-01,1.755809874581816254e+00
1.504883318171681861e+00,-2.364936901250144496e-01,1.381267118902946567e-01
1.768419125211592835e+00,-1.532600528655627681e-01,7.550080789097388667e-01
-1.973454199833773459e-01,-1.570553780842523173e+00,-5.049285177268020980e-02
-5.817153597735812420e-01,3.751096011232964988e-01,3.648869757397955604e-01
6.135841166982484163e-01,2.590272449106326147e-01,8.613480180337437231e-01
1.843204581996753522e+00,-4.061835496490784347e-01,-1.297659259973695800e+00
9.651110459341217807e-01,-2.206147528171582106e+00,-3.549198471017569467e-01
-5.040645899661039264e-01,1.316209431247668649e+00,-8.381265464626693751e-01
9.202592864759560065e-01,-1.888789289737640820e+00,-2.726005060352661991e-01
-1.626768490115232391e-01,5.799025625429387043e-01,6.865195159962707294e-02
-3.773395332223394155e-02,-4.778574492044255356e-02,-9.527534860380673098e-01
1.219714343395469358e+00,7.192000546187862220e-01,6.717775896071214170e-01
9.722641382617819295e-02,1.156004839325586619e+00,-5.512426943057938677e-01
1.003599888071603774e-01,-1.370412334132854904e+00,2.157674918846462564e+00
1.538413184024025326e-01,1.625058794901398818e+00,-1.521099572415784973e-01
-9.020524880467294393e-01,-1.093585618228241074e+00,2.423235823083872698e-01
-7.646366169410405700e-01,-7.667307168586666721e-01,-7.660148020360066923e-01
-2.635455297815613163e-01,-1.429417938183712211e+00,-6.346499628695340123e-01
1.995419806550519537e+00,1.000682333951466996e+00,4.604059534880673432e-01
1.468144705449677123e-01,1.423611603626635524e-01,9.668589846551776112e-01
-9.047163202557099160e-01,-3.401145149544796409e-01,4.119281459860516525e-01
-1.087314428485768314e+00,1.714780408062276607e+00,1.776053322915412125e-01
-1.660277491640738345e+00,-2.310770788601176073e-01,2.225810643325793592e+00
-1.966973050832189429e+00,7.199052128799016126e-01,5.789960165006181603e-01
-1.658807248914955457e+00,-1.352408077626498395e+00,-9.527895307681095716e-01
-1.107174286844130551e+00,-1.116583066247734957e+00,1.246414529750794919e+00
-2.247138790172016898e-01,1.268117445004623534e+00,2.751844258028416923e-01
-1.625728563780801883e+00,1.184053429054274575e+00,-3.139579162194054973e-01
5.206719778420054734e-01,-2.035416503618170836e+00,-3.847402120625688093e-01
-5.290014878516617891e-01,-1.231970128284962662e-01,3.735850523257591704e-01
3.185279607032238114e-01,1.974307259986962215e+00,6.876151920274826690e-01
1.004158231603342166e+00,1.255401096563614427e+00,1.271553387853105122e+00
-9.219550015867043757e-03,5.951790827085896574e-01,1.517472437702620081e+00
-1.888157512823175899e-01,-6.540955081106902824e-02,-2.060815605587644483e-01
3.179631129906451137e-01,-1.273381195937877131e+00,1.394962975525735338e+00
-7.573590939872451022e-01,2.103725872033404443e+00,-7.937016598169797099e-01
-2.113885125009480781e+00,-3.478655679668287704e-01,-1.692366444988004648e-01
2.511763291078120686e-01,-3.900511130490250111e-01,1.703003930072951588e-01
7.129041525462603834e-01,-8.898667706994006776e-01,-1.770840711930876887e+00
-9.751152244951615256e-01,-1.037262499198479349e+00,-3.310226569468814606e-02
9.118438693425277020e-01,1.035738461472212713e+00,-1.735111735165179470e+00
-3.010669926575355593e-01,-1.085755836576500544e+00,-2.557990912171775322e-01
1.570245162704717368e+00,6.036172580765715168e-01,1.591893118808961782e+00
1.493750305128118683e+00,6.677733365505775232e-02,-8.747610746022367323e-01
-1.095475090834688858e-01,8.887364194990082789e-01,2.243167263774869802e-01
-3.316762256880540494e-01,1.470534225262539185e-01,1.582048490630588722e+00
4.861971271555344254e-01,2.769505224907378160e+00,1.127600280015412126e+00
5.264952859273566155e-01,-3.695797582457733266e-01,-4.945666853489440462e-01
1.122164369797101102e+00,6.307033113910993638e-01,7.849703707109055850e-01
-2.754029436198388581e-01,3.699239412816338612e-01,3.819484401350370373e-01
4.425162477156489166e-02,-4.470014774039802741e-01,-5.708589423949141928e-01
1.296257990941925620e+00,1.558933365919591418e+00,9.966996465929121030e-01
-1.178697161972249940e+00,-1.328510930508967069e-01,1.563346441303674339e-01
-1.000432816209264608e+00,1.844789318885064366e+00,-1.573844753825950793e+00
1.267597615359539409e+00,-8.347027177561453515e-01,1.963694057786627978e-01
8.902440858632751919e-01,2.328416830327185161e-01,-3.951084122774141671e-01
-1.151937776920616940e+00,2.143574531405818828e-01,-4.491602181943952221e-01
1.947478694653663744e+00,-1.647119624678212269e+00,-1.514809149047543047e+00
-1.664774013589344070e+00,2.625233417044910422e-01,-2.911433145247043774e-01
-8.104282336697767875e-01,-1.427650518691578663e+00,-3.133407996673989171e-01
-8.552048637343362403e-01,-6.178390723353661268e-02,1.047036889056879132e-02
-1.115116634361381198e+00,1.391729420232605367e-02,-1.301248030360833141e+00
-1.690399014939852007e+00,-1.528284629819514961e+00,-3.011603565103977420e-01
-1.431899465712356490e+00,5.127376248407015114e-01,1.533211883479452566e-02
-1.107347629916932474e+00,-6.124772965874514252e-01,-8.801121306463719485e-01
3.331429407241410789e-01,-6.565965412288471414e-01,-5.318917876041927562e-01
4.364726451851824174e-01,8.716693723919541337e-02,-5.559588221065246971e-01
1.224962036010181166e+00,1.806391213078420432e-01,-2.090392923246317813e-01
-2.834496758703010766e+00,1.954641359999368666e-01,7.033431825710589891e-02
-3.062025316456239432e-01,9.813753054910366591e-02,3.848952951807725342e-01
9.980509016500598019e-03,-3.794071458990065371e-01,4.723137387087972261e-01
-3.556927172218060651e-01,-1.077315499184748449e+00,4.545122105325708484e-01
-6.793580907165523985e-01,9.668486493242409718e-01,-8.807935645880320408e-01
-1.808137322717489615e-01,-1.324523697796008204e+00,-5.048385024212657252e-02
9.230783508464771581e-01,-4.309125072566769576e-01,-3.842626573155347725e-01
1.936091289937481585e-01,-1.346100507798967012e-02,2.102691494849376341e-01
-8.649896896739082131e-01,-1.398147886225061587e+00,-8.077305143241937380e-01
2.417572181549073385e+00,-1.666175277199874794e+00,-6.269238436659152480e-01
3.533771034202508599e-01,1.340320468833185341e+00,5.882076543212456654e-01
2.582009778228894770e-01,-1.162249221976905167e+00,-3.056445648562265971e-01
1.194467688034513753e+00,-6.916073967465761196e-01,2.365655117744476232e-01
-1.420839823417634262e+00,2.375117060179954720e+00,-2.415186001091489676e-01
1.259519447315079921e+00,2.505775831677337639e-01,-3.613169737490600775e-01
1.681152520490802604e-01,-1.062715797141630253e-01,1.410301845543064092e-01
1.765745528452009883e-01,-6.856834183957810636e-01,2.076982598412889125e+00
1.285983250953473656e+00,-6.848854349114469331e-01,7.123345206911513294e-01
8.482314691860039224e-02,1.544860177811352209e+00,4.330790934590239005e-01
1.584568852004715422e+00,9.757385093582952029e-01,1.014816337279103919e+00
-1.174877943106340528e+00,1.771047930264396109e-01,9.961630409501229799e-01
8.692515483577337165e-02,3.024843944430131645e-02,-1.347322743107138399e+00
-4.244891112705009850e-01,-2.612167363796322750e-01,-5.643519336885752941e-02
1.913541503296043167e-01,1.469608939747467202e+00,3.081159827144241969e-01
-4.692806846541851540e-01,-1.713510275868436405e+00,-1.323002945311025247e+00
3.916270204789708553e-01,4.317359869878700240e-01,-4.099372375938766799e-01
-1.649937196863471733e+00,1.161644353863321433e+00,1.398832528565759459e+00
9.869746249732921362e-01,-6.403432313002487275e-01,-1.545495890638312941e+00
-1.110051729469383019e+00,-1.490460149420964608e+00,8.583797598064035750e-01
-1.098700453173970137e+00,8.991985570322785781e-01,2.103174096729132359e+00
-3.405743699855570683e-01,-5.594628418058747998e-01,4.918234392522726761e-01
4.704163871084094395e-01,-1.569116702155945120e+00,1.072976159585327993e+00
-1.587921574453315943e-01,6.271854668502528929e-01,-7.087751945671395548e-01
5.755950470567604560e-01,-3.189943981054405242e+00,-5.563338150445692465e-01
5.110454153294314850e-01,9.455252204606894723e-03,3.085913282319074358e-01
1.294963262752012234e+00,-8.424139616775466743e-02,9.440537171979425102e-01
8.003888304455790692e-01,-7.489992785666278463e-01,1.544781177430498031e+00
-3.085268980955967189e-02,2.529277537716060828e-02,-5.654953882969695478e-01
-1.051437730069155752e+00,2.301813752756291520e-01,-1.010553358337955121e+00
-9.612330451408535037e-01,-7.493645190945691370e-02,-8.311542123443944607e-01
1.416532829858369313e-01,-7.423196738047749266e-02,9.385989162124798169e-01
-5.841325887289273711e-01,-2.557646222201088657e-02,-3.905316768031827368e-01
2.344098637711622690e-01,5.566981191192139217e-02,1.238582973032641421e+00
1.049802980144094233e+00,6.355103228690972550e-02,1.332622667706682584e+00
1.273598821552675231e+00,3.053113647860999924e-01,4.978915391077173291e-01
3.374236105620744830e-01,1.419739851518435181e+00,1.644081894327378279e+00
-1.311266343105930154e+00,6.877387495207863966e-01,4.371793161124161164e-01
2.014563472451625648e-01,8.161761558888973589e-01,-1.920882229018816778e+00
-1.068028958261038941e+00,5.706841642373825518e-01,-2.169276325845327924e-01
1.451473888742927043e+00,9.925231356424618623e-01,3.373923596032449117e-03
9.337189254166468055e-01,8.986295835814580579e-01,1.032442488865856101e+00
-2.703756635375020312e-01,-1.081727553448613932e+00,1.207950304151121923e+00
-8.836941947578387246e-01,-2.327686223559547685e+00,-6.765787115186063794e-01
-7.669406790251325212e-01,1.090728013472346491e+00,-2.220921159060388117e+00
-6.366824072374728249e-01,3.531396726072810743e-01,7.780322283281194684e-01
5.726489314699648690e-03,-2.533186231984825842e-01,3.372787160925442840e-01
1.091804900163629410e+00,-7.957016034725461484e-01,-6.609412623274028009e-01
3.012045176774527655e-01,1.869866328409972800e+00,-3.543536564340173944e-01
3.693458633023096738e-01,3.752422666249945471e-01,1.120177559864631578e-01
5.288118538349487752e-01,-2.397945327442542462e-01,1.203677475428984067e+00
-5.845682291846954204e-01,-8.746772977297557761e-01,-1.549750370738276706e+00
-1.145584679071841805e+00,-1.594615586086153003e-01,8.211117755025666431e-01
1.197503103647086009e+00,-1.613419152761097042e+00,4.652440989180605668e-01
-6.100776527681096573e-01,-1.563169377906469704e+00,3.962977041282245844e-02
1.529296873056896988e+00,-1.470656755508322755e+00,-7.870190833891431703e-01
-3.204711094401920812e-01,3.714439769027190752e-01,8.654029040371118420e-01
-6.448453801661392371e-01,-2.457279034448418553e-01,5.390820264698781283e-01
-7.864757304773086766e-01,-4.698136205232858464e-01,1.672510369466745361e+00
1.034820950439750309e+00,-2.425900819424341659e+00,-3.326592665661168846e-01
1.301907899458576878e+00,-4.179609817741906097e-01,8.916809611648964795e-01
-2.717941561360078806e-01,7.543069859672273392e-01,1.183871040986164358e+00
3.312512252093745002e-01,1.091093035218517082e+00,-7.534936024728057236e-01
-8.431448085736298337e-01,-8.056669964965199604e-01,-1.209244081028634010e+00
-1.022405428238948311e+00,-1.341480214744002142e+00,7.570452154426410285e-01
-6.471378651337775234e-02,6.610001356370943659e-01,6.118353664843779738e-01
1.222392964179987995e+00,1.649874785864165583e+00,-8.220305599411573683e-01
-8.597814612968140979e-01,-7.953326129487252594e-01,-1.801279899114236915e+00
-5.747951084231471032e-03,3.373414017337559440e-02,1.776287765466739721e+00
1.567974149224203861e+00,2.144339877603647526e+00,-8.285755974918742606e-01
1.775975052017938038e+00,-6.631894327607623651e-02,-1.444441759338552567e+00
-8.394957916802110454e-01,7.347650210172151919e-01,-1.400164040863773662e+00
4.412832532486086756e-01,-2.646065336868413720e+00,1.047104876779563210e+00
4.359666321844050674e-01,-3.266202377211667729e-01,1.230996992580730698e+00
1.139488475079564467e-01,-7.700261481218709791e-01,-8.820517278945239070e-01
1.590365758704676447e+00,1.183874846737677622e+00,2.397027294075686488e+00
-9.374075161087682684e-01,-3.445040296866646590e-01,9.881229245316613952e-01
4.500638904573340260e-01,-1.694482832571243269e-01,-5.060785265080868234e-01
-1.090148387113650363e+00,-4.914708878345886572e-02,-2.075093117571209067e+00
1.437173061636368987e-01,1.128588687285846826e+00,-2.144436637717118455e+00
-1.219030217800979976e+00,9.212150101384651846e-01,1.119496075327152784e+00
1.039377536532479551e+00,4.943324267372879999e-01,4.618786020576188811e-01
-1.882220763408934516e+00,-2.001634250414625338e-01,-1.601281722276946651e+00
5.533626880301922846e-01,-5.659921817937513255e-01,-1.472486071067495850e+00
1.263928203391259775e+00,-1.063717433347554364e-01,-2.019199065492627287e+00
3.159437281023368405e-01,7.332128850380179585e-01,1.652624599243866399e+00
2.970411388995347624e-01,-1.008958709439383705e+00,2.130574886655211830e-01
-6.810284006662805645e-01,2.398742053754224557e+00,-2.680965260918129478e-01
-4.061820674892822891e-02,-3.003326123557077398e-01,-6.137359164593734207e-01
-1.363768176840505775e-01,-1.698589022916880298e+00,-1.538554347131363187e+00
4.924498990085391936e-01,1.675444591982482301e-01,4.736803783857867489e-01
1.221968857529868835e+00,-1.371000562585344529e+00,3.181019330373272003e-01
6.681846072837754891e-01,9.397732516805744618e-01,1.230637038317502929e+00
-2.266916991769292178e+00,-1.083258370500563700e-02,-2.213852640572548935e+00
-1.162791119063287359e+00,-5.252942077326977488e-01,-1.302940898960836424e+00
-6.740753944426836064e-01,-6.218002326322081830e-01,-3.010898705955140087e-01
7.902967505194401499e-01,4.233604975502383017e-01,-2.555852482104844503e-01
-4.872745680173812821e-01,2.837660642594703742e-01,1.235239852176859499e+00
4.665511545095263335e-01,1.027947196836791699e+00,-1.391169976067501146e-01
-5.846968035274980879e-01,-3.644118158750713765e-01,1.011686239063592119e+00
-6.257851955652758702e-02,-1.192454736344095378e+00,-8.065222150068058760e-01
-9.446016593681326734e-01,-5.009571990886423354e-01,-6.844357757608562354e-01
7.381829886378387107e-01,1.043204868806309360e+00,-6.850408854123793967e-01
1.600687866497782386e+00,1.000095224384900838e+00,-1.610464321502061980e+00
1.225890622598466706e+00,-4.625095191058202770e-01,1.686683261294836589e+00
2.221243006511020301e-01,1.146290948907670471e+00,9.569560524128828405e-02
-7.102694328223667641e-01,-9.585120360862749989e-01,-1.056557628050304176e-01
7.504770876397997004e-01,-1.149181019195900211e+00,-3.243570440284465062e-01
5.173133818380937915e-02,6.600799257442104828e-01,1.512512828024207501e+00
-1.303063261043245546e+00,7.743509989820955564e-02,-4.851826198439603832e-01
-7.603554597358908040e-01,1.264217632679867975e+00,4.521410552204363498e-01
-1.927603575016498538e-01,-8.683907616925582440e-01,2.381079740319506310e+00
1.214879662312837727e+00,-1.270328768665330177e+00,-4.748351027045261130e-01
1.642091791230254616e+00,-9.622860974443309123e-01,4.004184181476646565e-01
-6.934335626717234025e-01,8.043700703018882847e-02,1.490620574007701205e+00
9.540325480123785784e-01,-1.400701258443905584e+00,5.004935089210778010e-01
3.609986939765410519e-01,-6.726429917052429985e-01,-4.819579359519864381e-01
-6.573232199076283200e-01,2.418825984862802703e-01,5.056700973852379377e-01
2.823760324519289933e-01,-3.319882251887142366e-01,8.825237442834814316e-02
9.516133567532257809e-01,-4.227022680149445932e-01,6.081448963469607838e-01
-3.805711752410691595e+00,-1.176793804916633546e+00,1.578634840872042422e-01
-1.477171698184845727e+00,-7.618713207038025903e-01,-5.580349513262367056e-01
-4.926565611968398151e-01,1.573431162108943626e-01,1.468186546573621909e+00
-4.010464615595189797e-02,-2.656098436263377160e-01,-8.034723782554511473e-01
-6.605273472741448604e-01,4.681796469353246004e-01,-3.789275904080081220e-02
2.072362233403309828e-01,-2.163745929763438269e+00,1.048283834344186927e+00
-3.380938220473228006e-01,-3.174171692082182750e-01,3.709853220242831928e-01
1.227906710469131024e+00,5.565224314853980392e-01,-1.505343936982454167e+00
-8.652775744547890335e-01,1.340401566695839319e+00,-7.870850819546432175e-01
-1.314174966477108075e+00,2.929532432159837607e-01,1.554557946327966844e-01
1.524173884546114133e+00,-1.183005011392991745e+00,-7.749830854192972796e-01
1.018958363625480507e-01,-7.246195616162032227e-01,-8.396713779352427132e-01
8.945156324616715393e-01,1.660914783364493497e+00,6.227378603043888239e-01
4.174765347159685169e-01,8.558052477527128277e-01,1.225120285946327492e+00
1.520297072424818596e+00,4.579889209964737029e-01,2.600373781927229899e-01
5.356077778971533171e-02,-1.992849908827322380e+00,8.220880009615608719e-01
1.414536021717521241e-01,1.527224037781950372e+00,-1.221387755851701451e+00
-8.927719781619420925e-01,2.256565600841361208e-01,-1.264419016528804063e+00
-4.812455934505814881e-01,-7.112593630591214078e-01,4.258946988051992011e-01
1.661473066732172210e+00,2.061908139326183720e-02,5.414773906332882580e-01
2.148420341045392534e-01,-3.671489186854037245e-01,-2.917539131158485843e-01
2.258155896103235596e-02,-2.732380279738405582e-01,4.779396206629367705e-01
3.880938804059570479e-01,-1.254380094340727725e+00,-1.176289437009746752e+00
-1.372705734444297887e+00,2.093660515479370821e-01,-1.705215836409678776e+00
-1.363197164577601761e+00,9.943915108959878735e-01,-7.327815265235395614e-01
1.851601838445198489e-01,2.063529479919748777e+00,1.051387984999412106e+00
-1.039526052745473716e+00,2.133979509860498003e-01,-3.448745152530374170e-01
-3.913623590592898438e-01,-1.322293559010550568e-01,1.547471441630728251e+00
-3.920406169068297308e-01,-7.880021730231332455e-01,5.599910078501276756e-01
-5.905548311591137800e-01,-2.409194800546623494e+00,-6.554458478957893020e-01
-3.826998528985451342e-01,-5.725321616933446434e-01,-8.516233647300528453e-01
-1.651903989879092982e-01,-3.308016684661692075e-01,-7.722457701301985722e-01
-8.095440574359825670e-01,5.349570049558893814e-01,3.901408363567590576e-01
-1.868820573779991223e+00,7.245375722968921961e-01,-4.471718487743220893e-01
1.003920175216126642e+00,3.976515028484369219e-01,-8.402066132440773327e-02
-1.684938309252538291e-01,3.931425438657850102e-01,-2.078797788136121039e+00
1.689912655851573575e+00,-2.129836034475484308e+00,-1.760352315829243897e-01
-1.281994550436871050e+00,-3.373867025225631977e-01,-9.250817502356151190e-01
-6.190992138214423957e-01,5.486129883926230688e-01,-1.251054552587946400e+00
-1.383013257197833301e+00,1.844412240301719352e+00,5.312950346357330211e-01
4.169554401770719787e-01,-7.757517445662952538e-01,-4.877713526488390572e-02
4.395718113971367469e-01,-1.561624476924749150e+00,-3.828069204373318879e-01
1.363773015649329401e-01,-1.856871007080037606e-01,3.445856086317115041e-01
8.033560266099706304e-01,-6.714083508332365779e-01,-1.417079838554931026e-01
7.829985267841058638e-01,-3.978022425113339477e-01,-1.603285273647754527e+00
-5.239655692709480617e-01,1.715401528390724517e-01,1.412181533440957537e+00
3.952977289269024030e-01,-5.865902183358100430e-01,5.741944166995890386e-01
-6.597945122544175423e-01,-8.809778642160319695e-01,1.112639387322112094e+00
1.480391542979850872e+00,-1.473964083945401571e+00,4.410533573611337688e-01
-5.441354108182918509e-02,-8.457744266638490549e-01,5.217068444853354553e-02
5.490997891817660514e-01,-7.544588677640153840e-01,2.316890541872345527e-02
-3.476343983324653442e-01,-2.960909042917198586e-01,9.821647219563411912e-02
2.806366819481201369e-01,1.163153143392619215e+00,6.175351749111908095e-01
7.325714786999065753e-01,-6.596102822189138237e-01,-1.502332733081133798e+00
-1.336636395387641452e+00,6.088104222659536102e-01,5.978585273387165833e-01
-2.680779626575798158e+00,5.472606626300875465e-01,-9.297784001912325069e-02
-6.399199179072788679e-01,-1.833380534572010556e-01,-7.212683882450257045e-01
-8.483142407260133577e-01,1.976716084353423053e+00,-5.277402052622761630e-01
-4.044384313051318514e-01,1.031062141563545420e-01,9.929244346510027741e-01
-2.312196074889545649e-01,-5.590350981119217577e-01,-4.195730298578433937e-01
-7.231387539428598688e-01,6.420226783139152404e-01,8.468255854640524549e-02
-5.967753814179551641e-01,3.934857405491228310e-01,-6.797385568216336438e-01
-1.732387004949396347e+00,-4.267217548419336981e-01,2.576744612373817134e+00
1.045894779491173487e+00,-5.863038320014609533e-03,-1.512884691067602372e+00
8.041328660152589070e-01,4.824800376880352543e-02,-6.886746391405648149e-01
-8.210002449472074693e-01,-6.998877896254649400e-01,3.821463130746392545e-01
3.792933547800231842e-01,9.206967970435620680e-03,-1.077603139701138572e-02
2.447522536901583223e-01,-8.904580399957962022e-02,1.173103459776527968e+00
-7.924759842057144121e-01,6.342001294467752848e-01,-2.625827084779001619e-01
-5.569034983807193973e-01,-1.513889683612115178e-01,1.079237102965792117e+00
2.652143426991037112e-01,1.765350628539942068e+00,-1.105458839383468339e+00
2.695553821135739381e-01,-4.941018276967517608e-01,5.005829339999100513e-01
-3.954716184392934597e-01,-1.419196288910791193e+00,2.982627958927494216e+00
-1.322008674156609720e+00,-1.096501323890965995e+00,-1.770129462139321541e+00
-6.965156843810789145e-01,3.907395262225132337e-01,-4.636919779057944169e-01
1.933279554928049038e+00,-1.846611443113300943e+00,7.770360795244302121e-01
1.868549109406174802e+00,-2.034357132528163969e+00,-1.310127192038980759e+00
-1.597239838120718902e+00,3.078348268105000618e-01,-7.823054221141293452e-01
7.979388156722473369e-01,-1.702854531619895084e-01,6.699316943137459957e-01
6.324323240686658965e-01,4.772432037495855095e-01,-4.040284825390930146e-01
-1.401680752890494652e+00,8.732139356474349912e-01,-1.216079381980908758e-01
2.210907663986812377e+00,-1.887448010956117306e-01,3.640878109688799186e-02
2.771804073681924385e-01,3.195514335298808156e-02,-1.192514866874916368e+00
9.501562274721603307e-01,-3.429821803899026911e-01,-1.443261575496490590e+00
-9.908455664021524889e-01,-1.288180573706396714e+00,-1.198449561906737237e+00
1.269388402537825256e+00,1.699479510427462023e-02,1.772441554563651378e+00
-1.511861163682341580e+00,8.069029880557715417e-01,-3.658937970622139213e-01
-1.656135576775080720e-01,1.349241463093848736e-01,1.170258352537244945e-01
1.252226041288024394e+00,2.050792847378884787e+00,4.244662466908462606e-01
7.884112804275406061e-01,2.021252594756255849e+00,-1.600389957043733213e+00
5.142087038059438286e-02,2.109196180978755997e-01,2.780064170889217090e-01
8.310912465735347254e-01,-2.218842002539700708e-01,3.603719038349637582e-01
-1.429489655709712981e+00,1.476237068466773605e-01,-1.195959250703594878e-01
-8.209180429099002807e-02,1.402126439304515637e+00,8.051765351450139718e-01
-3.894216288009101357e-01,8.218944460472877855e-01,7.219962299596622834e-01
-2.251749328997391331e+00,-6.371569660715372674e-01,-5.690384695588502906e-01
7.208239493154888766e-02,-9.382412097433238951e-02,5.582772400933679879e-01
1.517718753690395328e+00,-3.670294593559063068e-01,-3.483777203368510489e-01
1.772280137120569199e+00,-1.787202714263121800e-02,1.521512753061338152e+00
-2.948213881183268104e-01,-5.988012539422505887e-01,-1.000472900132882703e+00
-9.033537444382945258e-01,-2.277032510697912238e-01,1.769280132198106925e-01
-1.351162822386344109e+00,-5.894320160417088061e-01,-1.506964973180784373e+00
2.669853327694484690e-01,-7.902457376786158338e-01,-7.419953611511961311e-01
-3.604335102693689286e-01,4.360841006873654169e-01,-6.328843401925474677e-01
1.691690613925382225e+00,-1.613930024484720338e+00,-6.237210952545714227e-01
-1.735543786766587937e+00,1.313306710706553693e+00,1.859598437708459340e+00
2.273567826719778973e-01,-8.062153340430895376e-01,4.728087049882990223e-01
2.661299989694869139e-01,4.325889719378300247e-01,2.005255739973637485e+00
5.737214608519245473e-01,1.116189993574412259e-01,-1.168519388536108483e+00
-3.215474543189544843e-01,1.239192194197491048e+00,-7.820913790991119996e-02
-1.607414638023284770e+00,-1.392977200565294504e+00,-5.322834556652561444e-01
5.311525717310128236e-01,-3.022581069349479232e-01,3.382043799184550892e-01
1.738554634204181992e+00,5.524025492348634270e-01,-2.296763651712158127e-01
-1.128092266699607521e-01,1.306454148056113429e-01,-1.044070209356246393e+00
8.505429752304194402e-01,8.746112826974317134e-02,-8.830848300374652959e-01
-6.089680765401578322e-01,-8.624648892823132407e-01,-8.189394828142432248e-01
-2.712129995646784808e-01,9.863547447780540711e-01,-3.433272016443581487e-01
-4.296017366697363893e-01,-1.539779634904786254e-01,-8.040976503117018837e-01
-3.249565607786491506e-01,-6.247687445300984521e-01,7.672855364407510370e-01
3.118975710325736506e-01,4.309961993585634810e-01,6.454658167357569809e-01
9.572363765119333567e-02,-7.020602588961361024e-02,-1.017939909024838219e+00
-9.295820249397583890e-01,3.564154306096063984e-01,-3.071661784728598188e-01
-9.552087261228375814e-01,2.810087252942639058e-01,5.032450382388389265e-01
-7.026811399802782576e-01,-5.210079362841820716e-01,5.084241615488840349e-01
-6.878657621386656817e-01,4.093782801986151076e-01,4.858626810895541048e-01
4.456086819234428287e-01,-2.945344317337649009e+00,6.753799846653731898e-01
-4.984821757855973368e-01,1.630494678551456911e+00,3.732442055060237185e-01
-7.268086315915682771e-01,6.274870510682237050e-03,-1.867654247564033698e-01
-7.075698085536438198e-01,1.586028531907233585e+00,4.230585401698935266e-01
-7.658277525583438716e-02,-5.699127635700179662e-01,2.639950825522455524e+00
-2.775646117202390517e-01,-9.068048176408854966e-02,2.506990764248651526e+00
-1.723623920373935192e+00,1.322957512861260954e+00,-1.305721753744992997e+00
1.930236724952361788e-02,-3.956125197092747459e-01,5.775324046059391314e-01
4.004233920907377398e-01,-1.293764480103858361e+00,1.485815351215083790e+00
8.809188227001450988e-01,-2.990434842674478122e-01,1.544396310296833053e-01
-2.876153567839095371e-01,-4.886107939513912313e-01,-2.880248542149247415e-01
5.780493396231451975e-01,6.144862841828508948e-01,2.913185237408428829e+00
8.063318860779528086e-01,7.318960961040048563e-01,1.283000127884873276e+00
7.011976056444575722e-02,-2.814582980934888790e-01,-7.028287279730476289e-01
-2.844427564049732404e-01,-1.273934125743756862e+00,1.999138295213538363e-01
-8.487580092999822412e-01,4.994453307581172563e-01,5.554813543750928423e-02
1.105759681635346325e+00,9.484590853786936671e-02,-9.312530327938191022e-01
1.004696710215591926e+00,-1.015418307020367950e+00,-2.696982720267810385e-01
-9.974387196596782301e-01,-4.348495857301055145e-01,-3.125322090995372726e-01
1.753501349089197359e-01,-6.252829465767907324e-01,-7.801249199315154481e-01
-4.568530606819893314e-01,-3.587821676643948021e-01,-2.526296870297499164e-01
-2.473210805702151793e-01,-5.559802019988508981e-01,5.848230976660309111e-01
-1.567744856493025640e+00,1.328420802592640948e+00,4.321836215732201281e-02
-7.750069913021315759e-01,6.620827079669929782e-01,-2.541954425666339556e-01
-1.236248637977288012e-01,-4.340635302512934612e-01,-6.870121723235055322e-01
-6.915572265325037327e-01,-5.283839253219786425e-01,2.717261460380341997e+00
5.223194441158358903e-02,-7.789678723962363271e-01,-8.361683647990518775e-01
2.638791589117581271e+00,-1.350569683399790888e+00,-9.905344035617037468e-01
-6.716391226039919449e-01,-9.528520071285194737e-01,-2.015786462508810661e+00
-2.172452695772504327e-01,-1.001917306288462983e+00,8.911113659954562893e-02
-1.451566554868572112e+00,-6.098661789746022688e-01,5.004305388206292671e-01
6.208254359586801163e-01,1.286587930094207133e+00,5.501022677220296364e-01
-3.637715910791373686e-01,-6.969246033006158692e-02,6.790873812053793701e-01
5.553325326042058974e-01,6.933755398752693422e-01,-2.838784007759914685e-02
4.386647074557905035e-01,-6.631621921416054333e-01,1.173725139493592584e+00
-5.804554819057277104e-01,-1.043872959614265739e+00,2.168961610290759401e-01
1.388769975383919109e+00,1.590089114544004645e-01,-6.638896236433075582e-02
8.145652150778168732e-01,-1.602756838279608409e-01,-1.329563784732315790e-01
-6.915887319118064758e-01,1.928262280366188353e-01,8.446937067610985617e-01
1.812452466889222513e-01,-4.112459232282231203e-02,-2.669240921254223964e-01
1.000802140441448440e+00,-3.103886284968987441e-01,-4.668075658136681128e-01
3.579553438933941178e-01,3.079329142961585997e-01,-1.203668226005192965e+00
-5.181962936614651349e-01,-7.015685582052834102e-01,7.925749493590464878e-01
-5.889162823131782742e-01,-5.142056575758022774e-01,2.323832284124911496e-01
8.087411406644563483e-01,-5.245441107217796439e-01,8.167396617045358242e-01
8.903023964211675967e-01,2.138865060990344236e-01,-8.512449848420283738e-01
1.912884533876800797e-01,-1.909425849666235520e+00,1.744584626065411648e+00
1.354475456651993946e-02,-7.162825883737743426e-01,-1.373769494391853030e+00
-2.077545069972656644e-01,1.088683244711557974e+00,-2.798098757398236880e-01
-4.313589789506938055e-01,1.114772770566154314e+00,2.704283150895460675e-01
3.504247243652414689e-01,2.266990424680578098e+00,-1.434763077406408183e+00
3.316613721542030491e-01,-9.903370449985215984e-01,1.669770448271427288e+00
4.565312956909902686e-01,7.825102100749919964e-01,1.342191629243107309e+00
1.402127617966657303e+00,-1.446120262477308183e+00,2.059886493513538142e+00
1.595910633098337250e+00,-4.846059699293698286e-01,1.304177786587065180e+00
1.159462026459712414e+00,-1.459319062593731786e+00,3.690279634450246982e-01
1.405498538711760226e-01,7.225450015779022461e-01,-5.194716340222312878e-01
2.962313588819384114e-01,1.372405520595682882e+00,-1.103013953671905023e+00
8.310224329545754518e-01,-8.387113001249194566e-01,1.761200825401982861e+00
1.446225545615314356e+00,9.423238095901179667e-01,9.899708932954716101e-01
-2.159544981324176272e-01,-3.497030857038853635e-01,-2.147137203128242633e-01
-3.160421559393059021e-01,-1.008873068445661936e+00,-3.913662258405597449e-01
-4.813406122529502729e-01,5.404609295463338459e-01,2.734805932059817035e+00
-5.912671356464439809e-02,-1.570043958197907985e+00,1.309869955112348550e-01
-8.066785982638521868e-02,-1.676706851025721479e+00,-2.509581460951882281e+00
5.760733898630285843e-01,8.821709577682481651e-01,-3.125461578660246875e-01
1.741317463810239663e-01,1.199451467625772150e+00,2.107720317044756153e-01
-1.862088786057122691e+00,5.552205089332598043e-01,-6.306919233117668222e-01
8.236840707165818953e-01,-2.100701979928083774e-01,5.519705238468748387e-01
7.986635954312351626e-02,3.361666571713297080e-01,6.852078281682684180e-01
1.075439935350313903e+00,-4.746870339515997239e-01,-1.917942674010557069e-01
-8.046832866633922832e-01,1.984678213444077022e+00,6.595923255126223683e-01
-2.946445889737284718e-01,-1.094260102151296321e+00,5.244423926543305692e-01
-3.551895003716731281e-01,1.245311228444627855e-01,3.210085782607190463e-01
3.407952367616360889e-01,1.182320928088719914e+00,9.260476551808145551e-01
1.133229680527489514e+00,-1.754847974866289850e-01,-8.406501378063103991e-02
1.272360389394902480e+00,-3.330440380226037389e-01,1.907010419178250649e+00
9.561468171931822302e-02,-1.533599666684315466e+00,-4.935771981645717399e-01
1.138710983785086395e+00,4.612267875659981642e-01,1.537755315790932720e+00
1.569882172107738061e+00,-3.661248304473316978e-02,-7.358057377798330467e-01
-8.383278463355947618e-01,-5.468460764207553650e-03,-3.849996985512029180e-01
-4.255074822407217683e-01,7.032436384804169327e-01,9.793843436733036534e-02
-2.004044560528225993e+00,4.144660252525275146e-01,1.263840953185171312e+00
2.346068111686483881e+00,-1.462749575796282064e+00,-1.453289741531352264e-01
7.645716798004025261e-01,-1.332083777190869345e+00,1.145242038294643772e+00
-1.144775806116122618e+00,-8.902106389516009077e-01,8.764232010448654853e-01
2.117070665217041903e+00,-2.108844353670169536e-01,1.689384011615393977e+00
-3.542853079049959608e-01,-1.927260544783191865e+00,1.376727920831934293e+00
-1.043622477187314157e+00,-3.949430526576873657e-01,-2.230185103070684016e-01
-1.659664934641270184e+00,-4.950215012617232291e-01,3.387098440761623919e-01
-1.253287664028010173e+00,7.014284066204262702e-01,-1.760400451843883607e+00
-8.604782020479266880e-01,6.990932117023941350e-01,-1.565593852242005646e+00
4.579763498128059940e-01,-1.366387458495287310e+00,3.102909503256674473e-01
4.103369730379853308e-01,1.585574180276897893e+00,1.558062030616618188e+00
-2.846530452419254731e-01,6.694610957594485656e-01,-2.250852576651400927e-01
-7.903553683290505116e-01,8.374807051885256870e-01,1.614249264911993553e-01
1.205173122770319072e+00,-3.095304854380040438e-01,-1.142523388907947801e+00
9.574953400249065494e-01,2.115812660097954601e-01,-5.010181019719806006e-01
4.153887683344513471e-02,1.048044179393542885e+00,-6.592009114126120561e-01
-4.392449923987556404e-01,2.981429630150819188e-01,4.757731572004073040e-01
-2.332749123411472503e-01,2.344087343037253579e-01,-7.374402865289495512e-01
2.759538526017337734e-01,-8.822081787869513470e-01,-1.941208349063665295e-01
-3.027521120576020519e-01,-9.344012758087402171e-01,1.822114443249532201e+00
2.751482803858499304e-01,3.222589086976201944e-01,-1.035739261919992105e+00
-1.939299464975867693e-01,-1.701538785302992407e+00,-5.570672283807538427e-01
-7.501847472378054826e-01,-7.260799468221009745e-01,-6.331105520855713209e-01
-1.853194479860459376e-01,4.309827961303639432e-01,-1.013975347690547091e+00
-3.933562973991769907e-01,-2.489477117219387470e+00,-9.114455494382409095e-02
-5.833716656430794067e-01,1.640447062737467598e-01,-1.971193166098673677e-01
-1.123736698683229784e+00,-1.130997912001148631e+00,3.393857111444671948e-01
8.643772185804290409e-01,-6.651779830437221097e-01,-1.878514009259446782e+00
-1.354893772480919134e+00,7.838409453651307146e-01,-2.000201355310144535e+00
-5.634027526940017516e-01,5.604109881278549476e-01,4.077286988823556890e-01
-4.087577099028523731e-01,-1.085511575915448557e+00,-1.027416293505072353e+00
-1.489219932609016972e+00,1.819063215785615972e-01,-9.577875197952654407e-01
2.763804072479150165e-01,1.350750198080735043e+00,-1.521900391244210171e+00
7.872495543954312058e-01,9.758972684036925083e-01,3.766025813667581764e-03
1.376144924817557458e+00,-2.818585266692403279e-01,-1.510406612762627832e-01
8.263062605990312282e-01,-2.204460027450108495e+00,-9.949351412778452142e-01
9.205819571251453448e-01,9.839048218130964640e-01,-3.256259827608799506e-01
-9.742755875580895453e-02,4.388582258993603546e-02,-4.677960608666688613e-01
-1.073896160269441236e+00,-8.276610323349538056e-01,3.119331165807159856e-01
-1.461054688855799144e+00,7.303742753718416303e-01,-2.415936211821786972e-02
3.458520491078098114e-01,-7.353012010126933617e-01,2.227772161587049382e+00
2.067509990582689361e-01,9.993606188058293816e-01,-2.079779650155283710e-01
4.257127420704058529e-02,1.497498947594713137e-01,1.217287671310472774e+00
-8.217969089649003189e-01,-1.259179909127998043e+00,5.987116645440486717e-01
6.917164903049761726e-01,8.242741782451957766e-01,-9.287421252397726201e-01
-6.722414356244972578e-02,-1.619262066627070284e+00,1.376330149883330689e+00
-1.319855594102834706e+00,1.254079635702551321e-01,1.611017617522268131e+00
6.888381520831230453e-01,1.711181344715215991e+00,-2.762833275726208626e-01
1.826495244868456602e+00,-5.914676030762453518e-01,1.454695800350456425e+00
5.090664424997145554e-01,-1.002669217652805367e+00,4.533680251197355071e-01
-9.474315703717892112e-02,2.339373625850930394e-01,-6.038194101737471842e-01
1.802052584512275624e-01,8.077791770062074939e-01,-1.245051029542434545e-01
1.008057265051266915e+00,2.928797660411893711e-01,1.593967683166206406e-01
-5.142399088023121845e-01,-4.589837628393444308e-02,5.857036460680191681e-01
